time,y_on,y_off,y_standby,y_cold_start,y_cool,P,wind,Spot Price,H2,sum x,Q cooling,T,Target T,Temp difference,Delta T eff,Q net,Q limit,P_grid,z_shutdown_begin,deg_on_cost,degradation_cost
0,0.0,1.0,0.0,0.0,0.0,0.0,287360.6382,45.45,0.0,1.0,0.0,298.15,298.15,0.0,0.0,0.0,30715.199999999997,287360.6382,-0.0,0.0,0.0
1,0.0,0.0,0.0,1.0,0.0,13500.0,269210.2371,45.45,0.0,1.0,0.0,304.0393867358937,353.15,-49.11061326410629,-49.11061326410629,179.76430963272912,-120129.03085296776,248960.23710000003,0.0,0.0,0.0
2,0.0,0.0,0.0,1.0,0.0,13500.0,258996.8717,45.45,0.0,1.0,0.0,309.4765132461741,353.15,-43.6734867538259,-43.6734867538259,165.95977430883536,-103428.78803411132,238746.8717,-0.0,0.0,0.0
3,0.0,0.0,0.0,1.0,0.0,13500.0,270725.9771,45.45,0.0,1.0,0.0,314.4670809066813,353.15,-38.682919093318674,-38.682919093318674,152.329264556331,-88100.15965351017,250475.97710000002,-0.0,0.0,0.0
4,1.0,0.0,-0.0,-0.0,1.0,128250.0,287280.1971,45.45,412.40017956601946,1.0,2705.141004441026,325.65099999999995,298.15,27.500999999999976,27.500999999999976,3046.5126251134525,115185.07151999991,152280.1971,-0.0,72.64269565646259,72.64269565646259
5,1.0,0.0,-0.0,-0.0,1.0,128250.0,303026.9252,45.45,422.06291858792235,1.0,2796.7256650238387,325.65099999999995,298.15,27.500999999999976,27.500999999999976,2796.7256650238396,115185.07151999991,168026.9252,-0.0,108.62778792158986,108.62778792158986
6,1.0,0.0,-0.0,-0.0,1.0,128250.0,344884.094,38.88,422.06291858792235,1.0,2796.7256650238387,325.65099999999995,298.15,27.500999999999976,27.500999999999976,2796.7256650238396,115185.07151999991,209884.09399999998,-0.0,108.62778792158983,108.62778792158983
7,1.0,0.0,-0.0,-0.0,1.0,128250.0,370621.523,38.88,422.06291858792235,1.0,2796.7256650238387,325.65099999999995,298.15,27.500999999999976,27.500999999999976,2796.7256650238396,115185.07151999991,235621.523,-0.0,108.62778792158983,108.62778792158983
8,1.0,0.0,-0.0,-0.0,1.0,128250.0,369356.207,38.88,422.06291858792235,1.0,2796.7256650238387,325.65099999999995,298.15,27.500999999999976,27.500999999999976,2796.7256650238396,115185.07151999991,234356.207,-0.0,108.62778792158983,108.62778792158983
9,1.0,0.0,-0.0,-0.0,1.0,128250.0,377456.559,38.88,422.06291858792235,1.0,2796.7256650238387,325.65099999999995,298.15,27.500999999999976,27.500999999999976,2796.7256650238396,115185.07151999991,242456.559,-0.0,108.62778792158983,108.62778792158983
10,1.0,0.0,-0.0,-0.0,1.0,128250.0,357732.314,38.88,422.06291858792235,1.0,2949.403883844606,320.649,298.15,22.499000000000024,22.499000000000024,2796.7256650238396,99821.32848000007,222732.314,-0.0,108.62778792158983,108.62778792158983
11,1.0,0.0,-0.0,-0.0,1.0,128250.0,353041.736,38.88,422.06291858792235,1.0,2798.3612482440194,320.65099999999995,298.15,22.500999999999976,22.500999999999976,2798.4222951127995,99827.47151999993,218041.73599999998,-0.0,108.62778792158983,108.62778792158983
12,1.0,0.0,-0.0,-0.0,1.0,128250.0,349398.516,36.269999999999996,417.263119516242,1.0,2920.8152801742617,320.65099999999995,298.15,22.500999999999976,22.500999999999976,2920.8152801742617,99827.47151999993,214398.516,-0.0,88.8320833350898,88.8320833350898
13,1.0,0.0,-0.0,-0.0,1.0,128250.0,345657.202,36.269999999999996,417.263119516242,1.0,3073.493498995029,315.649,298.15,17.499000000000024,17.499000000000024,2920.8152801742617,84463.72848000006,210657.202,-0.0,88.8320833350898,88.8320833350898
14,1.0,0.0,-0.0,-0.0,1.0,128250.0,335911.316,36.269999999999996,417.263119516242,1.0,2769.8336914424544,320.65099999999995,298.15,22.500999999999976,22.500999999999976,2922.511910263221,99827.47151999993,200911.316,-0.0,88.8320833350898,88.8320833350898
15,1.0,0.0,-0.0,-0.0,1.0,128250.0,334572.059,36.269999999999996,417.263119516242,1.0,2920.8152801742617,320.65099999999995,298.15,22.500999999999976,22.500999999999976,2920.8152801742617,99827.47151999993,199572.059,-0.0,88.83208333508986,88.83208333508986
16,1.0,0.0,-0.0,-0.0,1.0,128250.0,331343.343,36.269999999999996,417.263119516242,1.0,2920.8152801742617,320.65099999999995,298.15,22.500999999999976,22.500999999999976,2920.8152801742617,99827.47151999993,196343.343,-0.0,88.8320833350898,88.8320833350898
17,1.0,0.0,-0.0,-0.0,1.0,128250.0,326532.0564,36.269999999999996,417.263119516242,1.0,2920.8152801742617,320.65099999999995,298.15,22.500999999999976,22.500999999999976,2920.8152801742617,99827.47151999993,191532.0564,-0.0,88.8320833350898,88.8320833350898
18,1.0,0.0,-0.0,-0.0,1.0,128250.0,331480.1751,35.099999999999994,417.263119516242,1.0,3073.4934989950298,315.649,298.15,17.499000000000024,17.499000000000024,2920.8152801742617,84463.72848000006,196480.1751,-0.0,88.8320833350898,88.8320833350898
19,1.0,-0.0,-0.0,0.0,1.0,128250.0,334606.7511,35.099999999999994,417.263119516242,1.0,2922.5119102632198,315.649,298.15,17.499000000000024,17.499000000000024,2922.511910263221,84463.72848000006,199606.7511,-0.0,88.83208333508986,88.83208333508986
20,1.0,-0.0,-0.0,-0.0,1.0,128250.0,346433.532,35.099999999999994,417.263119516242,1.0,2922.5119102632207,315.649,298.15,17.499000000000024,17.499000000000024,2922.511910263221,84463.72848000006,211433.532,-0.0,88.83208333508983,88.83208333508983
21,1.0,-0.0,-0.0,-0.0,1.0,128250.0,345408.94,35.099999999999994,417.263119516242,1.0,2922.5119102632207,315.649,298.15,17.499000000000024,17.499000000000024,2922.511910263221,84463.72848000006,210408.94,-0.0,88.83208333508983,88.83208333508983
22,1.0,-0.0,-0.0,-0.0,1.0,128250.0,358824.306,35.099999999999994,417.263119516242,1.0,2769.8336914424535,320.65099999999995,298.15,22.500999999999976,22.500999999999976,2922.511910263221,99827.47151999993,223824.30599999998,-0.0,88.83208333508983,88.83208333508983
23,1.0,-0.0,-0.0,0.0,1.0,128250.0,353195.287,35.099999999999994,417.263119516242,1.0,3073.493498995029,315.649,298.15,17.499000000000024,17.499000000000024,2920.8152801742617,84463.72848000006,218195.287,-0.0,88.83208333508986,88.83208333508986
24,1.0,-0.0,-0.0,0.0,1.0,128250.0,331238.8774,34.980000000000004,417.263119516242,1.0,2922.5119102632198,315.649,298.15,17.499000000000024,17.499000000000024,2922.511910263221,84463.72848000006,196238.8774,-0.0,88.83208333508986,88.83208333508986
25,1.0,-0.0,-0.0,-0.0,1.0,128250.0,328037.07,34.980000000000004,417.263119516242,1.0,2922.5119102632207,315.649,298.15,17.499000000000024,17.499000000000024,2922.511910263221,84463.72848000006,193037.07,-0.0,88.83208333508983,88.83208333508983
26,1.0,-0.0,-0.0,-0.0,1.0,128250.0,332128.408,34.980000000000004,417.263119516242,1.0,2769.8336914424535,320.65099999999995,298.15,22.500999999999976,22.500999999999976,2922.511910263221,99827.47151999993,197128.408,-0.0,88.83208333508983,88.83208333508983
27,1.0,-0.0,-0.0,0.0,1.0,128250.0,333708.943,34.980000000000004,417.263119516242,1.0,3073.493498995029,315.649,298.15,17.499000000000024,17.499000000000024,2920.8152801742617,84463.72848000006,198708.94300000003,-0.0,88.83208333508986,88.83208333508986
28,1.0,-0.0,-0.0,0.0,1.0,128250.0,353350.529,34.980000000000004,417.263119516242,1.0,2922.5119102632198,315.649,298.15,17.499000000000024,17.499000000000024,2922.511910263221,84463.72848000006,218350.52899999998,-0.0,88.83208333508986,88.83208333508986
29,1.0,-0.0,-0.0,-0.0,1.0,128250.0,370554.872,34.980000000000004,417.263119516242,1.0,2922.5119102632207,315.649,298.15,17.499000000000024,17.499000000000024,2922.511910263221,84463.72848000006,235554.87199999997,-0.0,88.83208333508983,88.83208333508983
30,1.0,-0.0,-0.0,-0.0,1.0,128250.0,383697.358,34.05,417.263119516242,1.0,2922.5119102632207,315.649,298.15,17.499000000000024,17.499000000000024,2922.511910263221,84463.72848000006,248697.358,-0.0,88.83208333508983,88.83208333508983
31,1.0,-0.0,-0.0,-0.0,1.0,128250.0,393487.557,34.05,417.263119516242,1.0,2922.5119102632207,315.649,298.15,17.499000000000024,17.499000000000024,2922.511910263221,84463.72848000006,258487.55699999997,-0.0,88.83208333508983,88.83208333508983
32,1.0,-0.0,-0.0,-0.0,1.0,128250.0,395637.811,34.05,417.263119516242,1.0,2769.8336914424526,320.65099999999995,298.15,22.500999999999976,22.500999999999976,2922.511910263221,99827.47151999993,260637.811,-0.0,88.83208333508983,88.83208333508983
33,1.0,-0.0,-0.0,0.0,1.0,128250.0,396279.061,34.05,417.263119516242,1.0,3073.493498995029,315.649,298.15,17.499000000000024,17.499000000000024,2920.8152801742617,84463.72848000006,261279.061,-0.0,88.83208333508986,88.83208333508986
34,1.0,-0.0,-0.0,-0.0,1.0,128250.0,396465.92,34.05,417.263119516242,1.0,2769.8336914424535,320.65099999999995,298.15,22.500999999999976,22.500999999999976,2922.511910263221,99827.47151999993,261465.91999999998,-0.0,88.83208333508983,88.83208333508983
35,1.0,-0.0,-0.0,0.0,1.0,128250.0,396145.665,34.05,417.263119516242,1.0,3073.493498995029,315.649,298.15,17.499000000000024,17.499000000000024,2920.8152801742617,84463.72848000006,261145.66499999998,-0.0,88.83208333508986,88.83208333508986
36,1.0,-0.0,-0.0,-0.0,1.0,128250.0,393578.621,29.549999999999997,417.263119516242,1.0,2922.5119102632207,315.649,298.15,17.499000000000024,17.499000000000024,2922.511910263221,84463.72848000006,258578.62099999998,-0.0,88.83208333508983,88.83208333508983
37,1.0,-0.0,-0.0,-0.0,1.0,128250.0,393502.786,29.549999999999997,417.263119516242,1.0,2922.5119102632207,315.649,298.15,17.499000000000024,17.499000000000024,2922.511910263221,84463.72848000006,258502.78600000002,-0.0,88.83208333508983,88.83208333508983
38,1.0,-0.0,-0.0,-0.0,1.0,128250.0,392944.484,29.549999999999997,417.263119516242,1.0,2922.5119102632207,315.649,298.15,17.499000000000024,17.499000000000024,2922.511910263221,84463.72848000006,257944.484,-0.0,88.83208333508983,88.83208333508983
39,1.0,-0.0,-0.0,-0.0,1.0,128250.0,393558.116,29.549999999999997,417.263119516242,1.0,2769.8336914424535,320.65099999999995,298.15,22.500999999999976,22.500999999999976,2922.511910263221,99827.47151999993,258558.11599999998,-0.0,88.83208333508983,88.83208333508983
40,1.0,-0.0,-0.0,0.0,1.0,128250.0,393577.983,29.549999999999997,417.263119516242,1.0,3073.493498995029,315.649,298.15,17.499000000000024,17.499000000000024,2920.8152801742617,84463.72848000006,258577.983,-0.0,88.83208333508986,88.83208333508986
41,1.0,-0.0,-0.0,0.0,1.0,128250.0,393577.392,29.549999999999997,417.263119516242,1.0,2617.277566359244,325.649,298.15,27.499000000000024,27.499000000000024,2922.511910263221,115178.92848000006,258577.392,-0.0,88.83208333508986,88.83208333508986
42,1.0,-0.0,-0.0,-0.0,1.0,128250.0,392849.416,61.53,426.81197613250845,1.0,2522.5601950048876,330.65099999999995,298.15,32.500999999999976,32.500999999999976,2675.2384138256543,130542.67151999992,257849.41600000003,-0.0,132.83318607052482,132.83318607052482
43,1.0,-0.0,-0.0,0.0,1.0,128250.0,393050.361,61.53,426.81197613250845,1.0,2673.541783736695,330.65099999999995,298.15,32.500999999999976,32.500999999999976,2673.541783736695,130542.67151999992,258050.36099999998,-0.0,132.83318607052485,132.83318607052485
44,1.0,-0.0,-0.0,0.0,1.0,128250.0,396451.041,61.53,426.81197613250845,1.0,2673.541783736695,330.65099999999995,298.15,32.500999999999976,32.500999999999976,2673.541783736695,130542.67151999992,261451.04100000003,-0.0,132.83318607052485,132.83318607052485
45,1.0,-0.0,-0.0,0.0,1.0,128250.0,397170.91,61.53,426.81197613250845,1.0,2673.541783736695,330.65099999999995,298.15,32.500999999999976,32.500999999999976,2673.541783736695,130542.67151999992,262170.91,-0.0,132.83318607052485,132.83318607052485
46,1.0,-0.0,-0.0,0.0,1.0,128250.0,396846.467,61.53,426.81197613250845,1.0,2826.220002557462,325.649,298.15,27.499000000000024,27.499000000000024,2673.541783736695,115178.92848000006,261846.467,-0.0,132.83318607052485,132.83318607052485
47,1.0,-0.0,-0.0,-0.0,1.0,128250.0,396955.669,61.53,426.81197613250845,1.0,2522.5601950048867,330.65099999999995,298.15,32.500999999999976,32.500999999999976,2675.2384138256543,130542.67151999992,261955.669,-0.0,132.83318607052482,132.83318607052482
48,1.0,-0.0,-0.0,0.0,1.0,128250.0,397107.861,76.19999999999999,426.81197613250845,1.0,2673.541783736694,330.65099999999995,298.15,32.500999999999976,32.500999999999976,2673.541783736695,130542.67151999992,262107.86099999998,-0.0,132.83318607052482,132.83318607052482
49,1.0,-0.0,-0.0,0.0,1.0,128250.0,396824.763,76.19999999999999,426.81197613250845,1.0,2673.541783736694,330.65099999999995,298.15,32.500999999999976,32.500999999999976,2673.541783736695,130542.67151999992,261824.76299999998,-0.0,132.83318607052482,132.83318607052482
50,1.0,-0.0,-0.0,0.0,1.0,128250.0,396700.661,76.19999999999999,426.81197613250845,1.0,2673.541783736694,330.65099999999995,298.15,32.500999999999976,32.500999999999976,2673.541783736695,130542.67151999992,261700.66100000002,-0.0,132.83318607052482,132.83318607052482
51,1.0,-0.0,-0.0,0.0,1.0,128250.0,395323.467,76.19999999999999,426.81197613250845,1.0,2673.541783736694,330.65099999999995,298.15,32.500999999999976,32.500999999999976,2673.541783736695,130542.67151999992,260323.467,-0.0,132.83318607052482,132.83318607052482
52,1.0,-0.0,-0.0,0.0,1.0,128250.0,393308.974,76.19999999999999,426.81197613250845,1.0,2826.220002557461,325.649,298.15,27.499000000000024,27.499000000000024,2673.541783736695,115178.92848000006,258308.974,-0.0,132.83318607052482,132.83318607052482
53,1.0,-0.0,-0.0,-0.0,1.0,128250.0,393951.48,76.19999999999999,426.81197613250845,1.0,2522.560195004887,330.65099999999995,298.15,32.500999999999976,32.500999999999976,2675.2384138256543,130542.67151999992,258951.47999999998,-0.0,132.83318607052482,132.83318607052482
54,1.0,-0.0,-0.0,0.0,1.0,128250.0,392610.128,76.350003,426.81197613250845,1.0,2673.541783736694,330.65099999999995,298.15,32.500999999999976,32.500999999999976,2673.541783736695,130542.67151999992,257610.12800000003,-0.0,132.83318607052482,132.83318607052482
55,1.0,-0.0,-0.0,0.0,1.0,128250.0,395120.818,76.350003,426.81197613250845,1.0,2673.5417837366945,330.65099999999995,298.15,32.500999999999976,32.500999999999976,2673.541783736695,130542.67151999992,260120.81800000003,-0.0,132.8331860705248,132.8331860705248
56,1.0,-0.0,-0.0,0.0,1.0,128250.0,392589.1998,76.350003,426.81197613250845,1.0,2673.541783736694,330.65099999999995,298.15,32.500999999999976,32.500999999999976,2673.541783736695,130542.67151999992,257589.1998,-0.0,132.83318607052482,132.83318607052482
57,1.0,-0.0,-0.0,0.0,1.0,128250.0,391541.291,76.350003,426.81197613250845,1.0,2673.541783736694,330.65099999999995,298.15,32.500999999999976,32.500999999999976,2673.541783736695,130542.67151999992,256541.29100000003,-0.0,132.83318607052482,132.83318607052482
58,1.0,-0.0,-0.0,0.0,1.0,128250.0,390602.732,76.350003,426.81197613250845,1.0,2673.541783736694,330.65099999999995,298.15,32.500999999999976,32.500999999999976,2673.541783736695,130542.67151999992,255602.73200000002,-0.0,132.83318607052482,132.83318607052482
59,1.0,-0.0,-0.0,0.0,1.0,128250.0,388203.047,76.350003,426.81197613250845,1.0,2826.220002557461,325.649,298.15,27.499000000000024,27.499000000000024,2673.541783736695,115178.92848000006,253203.04700000002,-0.0,132.83318607052482,132.83318607052482
60,1.0,-0.0,-0.0,-0.0,1.0,128250.0,388357.895,73.88999700000001,426.81197613250845,1.0,2675.238413825655,325.649,298.15,27.499000000000024,27.499000000000024,2675.2384138256543,115178.92848000006,253357.89500000002,-0.0,132.83318607052482,132.83318607052482
61,1.0,-0.0,-0.0,-0.0,1.0,128250.0,380808.018,73.88999700000001,426.81197613250845,1.0,2675.238413825655,325.649,298.15,27.499000000000024,27.499000000000024,2675.2384138256543,115178.92848000006,245808.01799999998,-0.0,132.83318607052482,132.83318607052482
62,1.0,-0.0,-0.0,-0.0,1.0,128250.0,368809.372,73.88999700000001,426.81197613250845,1.0,2522.5601950048876,330.65099999999995,298.15,32.500999999999976,32.500999999999976,2675.2384138256543,130542.67151999992,233809.37199999997,-0.0,132.83318607052482,132.83318607052482
63,1.0,-0.0,-0.0,0.0,1.0,128250.0,384379.138,73.88999700000001,426.81197613250845,1.0,2826.220002557462,325.649,298.15,27.499000000000024,27.499000000000024,2673.541783736695,115178.92848000006,249379.13799999998,-0.0,132.83318607052482,132.83318607052482
64,1.0,-0.0,-0.0,0.0,1.0,128250.0,383053.133,73.88999700000001,426.81197613250845,1.0,2675.238413825654,325.649,298.15,27.499000000000024,27.499000000000024,2675.2384138256543,115178.92848000006,248053.13299999997,-0.0,132.83318607052485,132.83318607052485
65,1.0,-0.0,-0.0,0.0,1.0,128250.0,377577.406,73.88999700000001,426.81197613250845,1.0,2522.5601950048867,330.65099999999995,298.15,32.500999999999976,32.500999999999976,2675.2384138256543,130542.67151999992,242577.40600000002,-0.0,132.83318607052485,132.83318607052485
66,1.0,-0.0,-0.0,-0.0,1.0,128250.0,380662.124,80.28,426.81197613250845,1.0,2673.5417837366954,330.65099999999995,298.15,32.500999999999976,32.500999999999976,2673.541783736695,130542.67151999992,245662.124,-0.0,132.83318607052482,132.83318607052482
67,1.0,-0.0,-0.0,-0.0,1.0,128250.0,380993.206,80.28,426.81197613250845,1.0,2673.541783736695,330.65099999999995,298.15,32.500999999999976,32.500999999999976,2673.541783736695,130542.67151999992,245993.206,-0.0,132.83318607052482,132.83318607052482
68,1.0,-0.0,-0.0,-0.0,1.0,128250.0,379752.238,80.28,426.81197613250845,1.0,2673.541783736693,330.65099999999995,298.15,32.500999999999976,32.500999999999976,2673.541783736695,130542.67151999992,244752.238,-0.0,132.83318607052482,132.83318607052482
69,1.0,-0.0,-0.0,-0.0,1.0,128250.0,378888.602,80.28,426.81197613250845,1.0,2826.220002557461,325.649,298.15,27.499000000000024,27.499000000000024,2673.541783736695,115178.92848000006,243888.602,-0.0,132.83318607052482,132.83318607052482
70,1.0,-0.0,-0.0,-0.0,1.0,128250.0,368957.385,80.28,426.81197613250845,1.0,2675.238413825654,325.649,298.15,27.499000000000024,27.499000000000024,2675.2384138256543,115178.92848000006,233957.385,-0.0,132.83318607052482,132.83318607052482
71,1.0,-0.0,-0.0,-0.0,1.0,128250.0,371167.686,80.28,426.81197613250845,1.0,2522.560195004887,330.65099999999995,298.15,32.500999999999976,32.500999999999976,2675.2384138256543,130542.67151999992,236167.686,-0.0,132.83318607052482,132.83318607052482
72,1.0,-0.0,-0.0,0.0,1.0,128250.0,361384.025,80.61000299999999,426.81197613250845,1.0,2673.541783736695,330.65099999999995,298.15,32.500999999999976,32.500999999999976,2673.541783736695,130542.67151999992,226384.02500000002,-0.0,132.83318607052482,132.83318607052482
73,1.0,-0.0,-0.0,0.0,1.0,128250.0,353402.2809,80.61000299999999,426.81197613250845,1.0,2826.220002557461,325.649,298.15,27.499000000000024,27.499000000000024,2673.541783736695,115178.92848000006,218402.2809,-0.0,132.83318607052485,132.83318607052485
74,1.0,-0.0,-0.0,0.0,1.0,128250.0,345500.329,80.61000299999999,426.81197613250845,1.0,2522.5601950048886,330.65099999999995,298.15,32.500999999999976,32.500999999999976,2675.2384138256543,130542.67151999992,210500.32900000003,-0.0,132.83318607052482,132.83318607052482
75,1.0,-0.0,-0.0,0.0,1.0,128250.0,340423.789,80.61000299999999,426.81197613250845,1.0,2673.541783736694,330.65099999999995,298.15,32.500999999999976,32.500999999999976,2673.541783736695,130542.67151999992,205423.789,-0.0,132.83318607052482,132.83318607052482
76,1.0,-0.0,-0.0,0.0,1.0,128250.0,335321.938,80.61000299999999,426.81197613250845,1.0,2826.220002557462,325.649,298.15,27.499000000000024,27.499000000000024,2673.541783736695,115178.92848000006,200321.93800000002,-0.0,132.83318607052482,132.83318607052482
77,1.0,-0.0,-0.0,0.0,1.0,128250.0,341398.261,80.61000299999999,426.81197613250845,1.0,2369.943023052899,335.65099999999995,298.15,37.500999999999976,37.500999999999976,2675.2384138256543,145900.27151999992,206398.261,-0.0,132.83318607052482,132.83318607052482
78,1.0,-0.0,0.0,0.0,1.0,128250.0,345107.582,86.46000000000001,431.5233179281724,1.0,2550.947109307165,335.65099999999995,298.15,37.500999999999976,37.500999999999976,2550.9471093071656,145900.27151999992,210107.582,-0.0,162.43074750369306,162.43074750369306
79,1.0,-0.0,0.0,0.0,1.0,128250.0,328759.9051,86.46000000000001,431.5233179281724,1.0,2550.947109307165,335.65099999999995,298.15,37.500999999999976,37.500999999999976,2550.9471093071656,145900.27151999992,193759.90509999997,-0.0,162.43074750369306,162.43074750369306
80,1.0,-0.0,0.0,0.0,1.0,128250.0,315423.667,86.46000000000001,431.5233179281724,1.0,2550.947109307165,335.65099999999995,298.15,37.500999999999976,37.500999999999976,2550.9471093071656,145900.27151999992,180423.66700000002,-0.0,162.43074750369303,162.43074750369303
81,1.0,-0.0,-0.0,0.0,1.0,128250.0,326629.624,86.46000000000001,431.5233179281724,1.0,2550.947109307166,335.65099999999995,298.15,37.500999999999976,37.500999999999976,2550.9471093071656,145900.27151999992,191629.624,-0.0,162.43074750369306,162.43074750369306
82,1.0,-0.0,0.0,0.0,1.0,128250.0,337066.9898,86.46000000000001,431.5233179281724,1.0,2550.947109307165,335.65099999999995,298.15,37.500999999999976,37.500999999999976,2550.9471093071656,145900.27151999992,202066.98979999998,-0.0,162.43074750369306,162.43074750369306
83,1.0,-0.0,0.0,0.0,1.0,128250.0,323040.744,86.46000000000001,431.5233179281724,1.0,2550.947109307165,335.65099999999995,298.15,37.500999999999976,37.500999999999976,2550.9471093071656,145900.27151999992,188040.744,-0.0,162.430747503693,162.430747503693
84,1.0,-0.0,0.0,0.0,1.0,128250.0,322660.6517,87.179997,431.5233179281724,1.0,2550.947109307165,335.65099999999995,298.15,37.500999999999976,37.500999999999976,2550.9471093071656,145900.27151999992,187660.6517,-0.0,162.43074750369306,162.43074750369306
85,1.0,-0.0,0.0,0.0,1.0,128250.0,300195.9222,87.179997,431.5233179281724,1.0,2550.947109307165,335.65099999999995,298.15,37.500999999999976,37.500999999999976,2550.9471093071656,145900.27151999992,165195.92219999997,-0.0,162.43074750369306,162.43074750369306
86,1.0,-0.0,0.0,0.0,1.0,128250.0,288659.6699,87.179997,431.5233179281724,1.0,2550.947109307165,335.65099999999995,298.15,37.500999999999976,37.500999999999976,2550.9471093071656,145900.27151999992,153659.66989999998,-0.0,162.43074750369306,162.43074750369306
87,1.0,-0.0,0.0,0.0,1.0,128250.0,296112.662,87.179997,431.5233179281724,1.0,2550.947109307165,335.65099999999995,298.15,37.500999999999976,37.500999999999976,2550.9471093071656,145900.27151999992,161112.662,-0.0,162.43074750369306,162.43074750369306
88,1.0,-0.0,0.0,0.0,1.0,128250.0,306055.7362,87.179997,431.5233179281724,1.0,2550.947109307165,335.65099999999995,298.15,37.500999999999976,37.500999999999976,2550.9471093071656,145900.27151999992,171055.73619999998,-0.0,162.43074750369306,162.43074750369306
89,1.0,-0.0,0.0,0.0,1.0,128250.0,326572.0429,87.179997,431.5233179281724,1.0,2856.2425000799203,325.649,298.15,27.499000000000024,27.499000000000024,2550.9471093071656,115178.92848000006,191572.0429,-0.0,162.43074750369306,162.43074750369306
90,1.0,-0.0,-0.0,0.0,1.0,128250.0,323647.716,83.63999700000001,426.81197613250845,1.0,2675.2384138256543,325.649,298.15,27.499000000000024,27.499000000000024,2675.2384138256543,115178.92848000006,188647.71600000001,-0.0,132.8331860705248,132.8331860705248
91,1.0,-0.0,0.0,0.0,1.0,128250.0,295148.505,83.63999700000001,426.81197613250845,1.0,2675.2384138256557,325.649,298.15,27.499000000000024,27.499000000000024,2675.2384138256543,115178.92848000006,160148.505,-0.0,132.8331860705248,132.8331860705248
92,1.0,-0.0,0.0,0.0,1.0,128250.0,257018.857,83.63999700000001,426.81197613250845,1.0,2675.2384138256557,325.649,298.15,27.499000000000024,27.499000000000024,2675.2384138256543,115178.92848000006,122018.85699999999,-0.0,132.8331860705248,132.8331860705248
93,1.0,-0.0,-0.0,0.0,1.0,128250.0,244577.93,83.63999700000001,426.81197613250845,1.0,2675.2384138256557,325.649,298.15,27.499000000000024,27.499000000000024,2675.2384138256543,115178.92848000006,109577.93,-0.0,132.8331860705248,132.8331860705248
94,1.0,-0.0,-0.0,0.0,1.0,128250.0,237568.457,83.63999700000001,426.81197613250845,1.0,2675.2384138256557,325.649,298.15,27.499000000000024,27.499000000000024,2675.2384138256543,115178.92848000006,102568.457,-0.0,132.8331860705248,132.8331860705248
95,1.0,-0.0,0.0,0.0,1.0,128250.0,236801.04572,83.63999700000001,426.81197613250845,1.0,2522.621241873668,330.649,298.15,32.499000000000024,32.499000000000024,2675.2384138256543,130536.52848000005,101801.04572,-0.0,132.8331860705248,132.8331860705248
96,1.0,-0.0,0.0,0.0,1.0,120150.0,238826.576,96.33000299999999,407.0550443153642,1.0,2323.9361716486483,330.649,298.15,32.499000000000024,32.499000000000024,2323.9361716486487,130536.52848000005,111926.576,-0.0,161.465430457411,161.465430457411
97,1.0,-0.0,-0.0,0.0,1.0,120150.0,250166.483,96.33000299999999,407.0550443153642,1.0,2171.257952827881,335.65099999999995,298.15,37.500999999999976,37.500999999999976,2323.9361716486487,145900.27151999992,123266.48300000001,-0.0,161.465430457411,161.465430457411
98,1.0,-0.0,0.0,0.0,1.0,120150.0,246536.374,96.33000299999999,407.0550443153642,1.0,2474.9177603804565,330.649,298.15,32.499000000000024,32.499000000000024,2322.2395415596893,130536.52848000005,119636.37400000001,-0.0,161.465430457411,161.465430457411
99,1.0,-0.0,-0.0,0.0,1.0,120150.0,239582.838,96.33000299999999,407.0550443153642,1.0,2171.257952827881,335.65099999999995,298.15,37.500999999999976,37.500999999999976,2323.9361716486487,145900.27151999992,112682.83799999999,-0.0,161.465430457411,161.465430457411
100,1.0,-0.0,-0.0,0.0,1.0,120150.0,212836.6497,96.33000299999999,407.0550443153642,1.0,2322.2395415596893,335.65099999999995,298.15,37.500999999999976,37.500999999999976,2322.2395415596893,145900.27151999992,85936.64970000001,-0.0,161.465430457411,161.465430457411
101,1.0,-0.0,0.0,0.0,1.0,120150.0,190248.2469,96.33000299999999,407.0550443153642,1.0,2932.7692762364195,315.649,298.15,17.499000000000024,17.499000000000024,2322.2395415596893,84463.72848000006,63348.2469,-0.0,161.465430457411,161.465430457411
102,1.0,-0.0,-0.0,0.0,1.0,63450.0,185868.1374,98.64000300000001,220.72487891877455,1.0,948.3234154902922,320.65099999999995,298.15,22.500999999999976,22.500999999999976,1101.0016343110597,99827.47151999993,115668.1374,-0.0,84.57671632992495,84.57671632992495
103,1.0,-0.0,0.0,0.0,1.0,63450.0,175170.5138,98.64000300000001,220.72487891877455,1.0,1251.983223042869,315.64899999999994,298.15,17.498999999999967,17.498999999999967,1099.3050042221003,84463.72847999989,104970.51379999999,-0.0,84.57671632992498,84.57671632992498
104,1.0,-0.0,-0.0,0.0,1.0,63450.0,159948.4198,98.64000300000001,220.72487891877455,1.0,948.3234154902905,320.65099999999995,298.15,22.500999999999976,22.500999999999976,1101.0016343110597,99827.47151999993,89748.4198,-0.0,84.57671632992495,84.57671632992495
105,1.0,-0.0,0.0,0.0,1.0,63450.0,158089.7393,98.64000300000001,220.72487891877455,1.0,1251.9832230428706,315.6489999999999,298.15,17.49899999999991,17.49899999999991,1099.3050042221003,84463.72847999971,87889.73929999999,-0.0,84.57671632992492,84.57671632992492
106,1.0,-0.0,0.0,0.0,1.0,63450.0,166567.5629,98.64000300000001,220.72487891877455,1.0,1101.0016343110558,315.649,298.15,17.499000000000024,17.499000000000024,1101.0016343110597,84463.72848000006,96367.56289999999,-0.0,84.57671632992495,84.57671632992495
107,1.0,-0.0,0.0,0.0,1.0,63450.0,176033.232,98.64000300000001,220.72487891877455,1.0,643.150118455096,330.649,298.15,32.499000000000024,32.499000000000024,1101.0016343110597,130536.52848000005,105833.23199999999,-0.0,84.57671632992492,84.57671632992492
108,1.0,-0.0,-0.0,0.0,1.0,117450.0,177932.3914,96.66000300000002,398.8394128136492,1.0,2249.11481374224,330.649,298.15,32.499000000000024,32.499000000000024,2249.1148137422406,130536.52848000005,53732.39139999999,-0.0,161.1413091376941,161.1413091376941
109,1.0,-0.0,-0.0,0.0,1.0,117450.0,179420.3783,96.66000300000002,398.8394128136492,1.0,2249.11481374224,330.649,298.15,32.499000000000024,32.499000000000024,2249.1148137422406,130536.52848000005,55220.37830000001,-0.0,161.1413091376941,161.1413091376941
110,1.0,-0.0,-0.0,0.0,1.0,117450.0,185111.9576,96.66000300000002,398.8394128136492,1.0,2096.4365949214493,335.6510000000007,298.15,37.501000000000715,37.501000000000715,2249.1148137422406,145900.2715200022,60911.957599999994,-0.0,161.14130913769407,161.14130913769407
111,1.0,-0.0,0.0,-0.0,1.0,117450.0,187483.972,96.66000300000002,398.8394128136492,1.0,2247.418183653392,335.65099999999995,298.15,37.500999999999976,37.500999999999976,2247.4181836532807,145900.27151999992,63283.97200000001,-0.0,161.14130913769407,161.14130913769407
112,1.0,-0.0,0.0,0.0,1.0,117450.0,194539.8185,96.66000300000002,398.8394128136492,1.0,2400.096402474049,330.649,298.15,32.499000000000024,32.499000000000024,2247.418183653281,130536.52848000005,70339.8185,-0.0,161.14130913769407,161.14130913769407
113,1.0,-0.0,-0.0,0.0,1.0,117450.0,209044.7611,96.66000300000002,398.8394128136492,1.0,2096.436594921472,335.65099999999995,298.15,37.500999999999976,37.500999999999976,2249.1148137422406,145900.27151999992,84844.7611,-0.0,161.1413091376941,161.1413091376941
114,1.0,-0.0,-0.0,0.0,1.0,128250.0,208177.6438,91.88999700000001,431.5233179281724,1.0,2703.6253281279323,330.649,298.15,32.499000000000024,32.499000000000024,2550.9471093071656,130536.52848000005,73177.64379999999,-0.0,162.43074750369306,162.43074750369306
115,1.0,-0.0,0.0,0.0,1.0,128250.0,206863.8129,91.88999700000001,431.5233179281724,1.0,2399.9655205753575,335.65099999999995,298.15,37.500999999999976,37.500999999999976,2552.643739396125,145900.27151999992,71863.81289999999,-0.0,162.43074750369306,162.43074750369306
116,1.0,-0.0,-0.0,0.0,1.0,128250.0,175793.8013,91.88999700000001,431.5233179281724,1.0,2550.947109307165,335.65099999999995,298.15,37.500999999999976,37.500999999999976,2550.9471093071656,145900.27151999992,40793.80129999999,-0.0,162.43074750369306,162.43074750369306
117,1.0,-0.0,-0.0,0.0,1.0,128250.0,167527.831,91.88999700000001,431.5233179281724,1.0,2703.6253281279323,330.649,298.15,32.499000000000024,32.499000000000024,2550.9471093071656,130536.52848000005,32527.831000000006,-0.0,162.43074750369306,162.43074750369306
118,1.0,-0.0,0.0,0.0,1.0,128250.0,197592.42,91.88999700000001,431.5233179281724,1.0,2399.9655205753575,335.65099999999995,298.15,37.500999999999976,37.500999999999976,2552.643739396125,145900.27151999992,62592.42000000001,-0.0,162.43074750369306,162.43074750369306
119,1.0,-0.0,0.0,0.0,1.0,128250.0,209742.3405,91.88999700000001,431.5233179281724,1.0,2703.6253281279323,330.649,298.15,32.499000000000024,32.499000000000024,2550.9471093071656,130536.52848000005,74742.34049999999,-0.0,162.43074750369306,162.43074750369306
120,1.0,-0.0,-0.0,-0.0,1.0,128250.0,201692.1713,85.919997,431.5233179281724,1.0,2552.643739396125,330.649,298.15,32.499000000000024,32.499000000000024,2552.643739396125,130536.52848000005,66692.17129999999,-0.0,162.43074750369303,162.43074750369303
121,1.0,-0.0,0.0,0.0,1.0,128250.0,214305.5528,85.919997,431.5233179281724,1.0,2399.9655205753597,335.65099999999995,298.15,37.500999999999976,37.500999999999976,2552.643739396125,145900.27151999992,79305.5528,-0.0,162.43074750369306,162.43074750369306
122,1.0,-0.0,-0.0,-0.0,1.0,128250.0,226914.0633,85.919997,431.5233179281724,1.0,2550.947109307168,335.65099999999995,298.15,37.500999999999976,37.500999999999976,2550.9471093071656,145900.27151999992,91914.06330000001,-0.0,162.43074750369303,162.43074750369303
123,1.0,-0.0,0.0,0.0,1.0,128250.0,258178.4644,85.919997,431.5233179281724,1.0,2550.947109307165,335.65099999999995,298.15,37.500999999999976,37.500999999999976,2550.9471093071656,145900.27151999992,123178.4644,-0.0,162.43074750369306,162.43074750369306
124,1.0,-0.0,0.0,0.0,1.0,128250.0,277825.855,85.919997,431.5233179281724,1.0,2550.947109307165,335.65099999999995,298.15,37.500999999999976,37.500999999999976,2550.9471093071656,145900.27151999992,142825.85499999998,-0.0,162.43074750369306,162.43074750369306
125,1.0,-0.0,0.0,0.0,1.0,128250.0,297789.218,85.919997,431.5233179281724,1.0,2703.564281259153,330.65099999999995,298.15,32.500999999999976,32.500999999999976,2550.9471093071656,130542.67151999992,162789.218,-0.0,162.43074750369306,162.43074750369306
126,1.0,-0.0,-0.0,0.0,1.0,128250.0,330661.586,60.269999999999996,426.81197613250845,1.0,2826.220002557462,325.649,298.15,27.499000000000024,27.499000000000024,2673.541783736695,115178.92848000006,195661.586,-0.0,132.83318607052485,132.83318607052485
127,1.0,-0.0,-0.0,-0.0,1.0,128250.0,324485.238,60.269999999999996,426.81197613250845,1.0,2522.5601950048867,330.65099999999995,298.15,32.500999999999976,32.500999999999976,2675.2384138256543,130542.67151999992,189485.238,-0.0,132.83318607052482,132.83318607052482
128,1.0,-0.0,-0.0,0.0,1.0,128250.0,315103.068,60.269999999999996,426.81197613250845,1.0,2673.541783736695,330.65099999999995,298.15,32.500999999999976,32.500999999999976,2673.541783736695,130542.67151999992,180103.06800000003,-0.0,132.83318607052485,132.83318607052485
129,1.0,-0.0,-0.0,0.0,1.0,128250.0,338368.2304,60.269999999999996,426.81197613250845,1.0,2673.541783736695,330.65099999999995,298.15,32.500999999999976,32.500999999999976,2673.541783736695,130542.67151999992,203368.2304,-0.0,132.83318607052485,132.83318607052485
130,1.0,-0.0,-0.0,0.0,1.0,128250.0,342284.605,60.269999999999996,426.81197613250845,1.0,2826.220002557462,325.649,298.15,27.499000000000024,27.499000000000024,2673.541783736695,115178.92848000006,207284.60499999998,-0.0,132.83318607052485,132.83318607052485
131,1.0,-0.0,-0.0,-0.0,1.0,128250.0,362336.31,60.269999999999996,426.81197613250845,1.0,2675.1773669568747,325.65099999999995,298.15,27.500999999999976,27.500999999999976,2675.2384138256543,115185.07151999991,227336.31,-0.0,132.83318607052482,132.83318607052482
132,1.0,-0.0,-0.0,0.0,1.0,128250.0,356629.603,45.3,422.06291858792235,1.0,2949.403883844606,320.649,298.15,22.499000000000024,22.499000000000024,2796.7256650238396,99821.32848000007,221629.603,-0.0,108.6277879215898,108.6277879215898
133,1.0,-0.0,-0.0,-0.0,1.0,128250.0,355682.855,45.3,422.06291858792235,1.0,2645.7440762920314,325.65099999999995,298.15,27.500999999999976,27.500999999999976,2798.4222951127995,115185.07151999991,220682.85499999998,-0.0,108.62778792158984,108.62778792158984
134,1.0,-0.0,-0.0,0.0,1.0,128250.0,353771.203,45.3,422.06291858792235,1.0,2796.7256650238387,325.65099999999995,298.15,27.500999999999976,27.500999999999976,2796.7256650238396,115185.07151999991,218771.20299999998,-0.0,108.6277879215898,108.6277879215898
135,1.0,-0.0,-0.0,0.0,1.0,128250.0,351977.719,45.3,422.06291858792235,1.0,2796.7256650238387,325.65099999999995,298.15,27.500999999999976,27.500999999999976,2796.7256650238396,115185.07151999991,216977.71899999998,-0.0,108.6277879215898,108.6277879215898
136,1.0,-0.0,-0.0,0.0,1.0,128250.0,357807.991,45.3,422.06291858792235,1.0,2796.7256650238387,325.65099999999995,298.15,27.500999999999976,27.500999999999976,2796.7256650238396,115185.07151999991,222807.99099999998,-0.0,108.6277879215898,108.6277879215898
137,1.0,-0.0,-0.0,0.0,1.0,128250.0,360486.472,45.3,422.06291858792235,1.0,2949.403883844606,320.649,298.15,22.499000000000024,22.499000000000024,2796.7256650238396,99821.32848000007,225486.472,-0.0,108.6277879215898,108.6277879215898
138,1.0,-0.0,-0.0,-0.0,1.0,128250.0,366670.676,38.849999999999994,422.06291858792235,1.0,2798.4222951127986,320.649,298.15,22.499000000000024,22.499000000000024,2798.4222951127995,99821.32848000007,231670.67599999998,-0.0,108.62778792158984,108.62778792158984
139,1.0,-0.0,-0.0,-0.0,1.0,128250.0,373833.298,38.849999999999994,422.06291858792235,1.0,2798.4222951127986,320.649,298.15,22.499000000000024,22.499000000000024,2798.4222951127995,99821.32848000007,238833.298,-0.0,108.62778792158984,108.62778792158984
140,1.0,-0.0,-0.0,-0.0,1.0,128250.0,376435.866,38.849999999999994,422.06291858792235,1.0,2645.7440762920314,325.65099999999995,298.15,27.500999999999976,27.500999999999976,2798.4222951127995,115185.07151999991,241435.86599999998,-0.0,108.62778792158984,108.62778792158984
141,1.0,-0.0,-0.0,0.0,1.0,128250.0,380657.96,38.849999999999994,422.06291858792235,1.0,2949.403883844606,320.649,298.15,22.499000000000024,22.499000000000024,2796.7256650238396,99821.32848000007,245657.96000000002,-0.0,108.62778792158986,108.62778792158986
142,1.0,-0.0,-0.0,-0.0,1.0,128250.0,380761.534,38.849999999999994,422.06291858792235,1.0,2645.7440762920314,325.65099999999995,298.15,27.500999999999976,27.500999999999976,2798.4222951127995,115185.07151999991,245761.53399999999,-0.0,108.62778792158984,108.62778792158984
143,1.0,-0.0,-0.0,0.0,1.0,128250.0,388137.537,38.849999999999994,422.06291858792235,1.0,3147.7756839477997,314.15,298.15,16.0,16.0,2796.7256650238396,79859.51999999999,253137.537,-0.0,108.62778792158986,108.62778792158986
144,1.0,-0.0,-0.0,-0.0,1.0,128250.0,388661.424,22.98,412.40017956601946,1.0,3046.620175894521,314.15,298.15,16.0,16.0,3046.6201758945217,79859.51999999999,253661.424,-0.0,72.64269565646262,72.64269565646262
145,1.0,-0.0,-0.0,-0.0,1.0,128250.0,389504.968,22.98,412.40017956601946,1.0,3046.620175894521,314.15,298.15,16.0,16.0,3046.6201758945217,79859.51999999999,254504.968,-0.0,72.64269565646262,72.64269565646262
146,1.0,-0.0,-0.0,-0.0,1.0,128250.0,387584.5349,22.98,412.40017956601946,1.0,3046.620175894521,314.15,298.15,16.0,16.0,3046.6201758945217,79859.51999999999,252584.53490000003,-0.0,72.64269565646262,72.64269565646262
147,1.0,-0.0,-0.0,-0.0,1.0,128250.0,387205.639,22.98,412.40017956601946,1.0,3000.8045008745357,315.65099999999995,298.15,17.500999999999976,17.500999999999976,3046.6201758945217,84469.87151999993,252205.63900000002,-0.0,72.64269565646262,72.64269565646262
148,1.0,-0.0,-0.0,0.0,1.0,128250.0,388254.497,22.98,412.40017956601946,1.0,3091.9267262116828,314.15,298.15,16.0,16.0,3046.1110511916972,79859.51999999999,253254.49699999997,-0.0,72.64269565646265,72.64269565646265
149,1.0,-0.0,-0.0,-0.0,1.0,128250.0,391192.622,22.98,412.40017956601946,1.0,3046.620175894521,314.15,298.15,16.0,16.0,3046.6201758945217,79859.51999999999,256192.62199999997,-0.0,72.64269565646262,72.64269565646262
150,1.0,-0.0,-0.0,-0.0,1.0,128250.0,392277.214,21.06,412.40017956601946,1.0,3046.620175894521,314.15,298.15,16.0,16.0,3046.6201758945217,79859.51999999999,257277.21399999998,-0.0,72.64269565646262,72.64269565646262
151,1.0,-0.0,-0.0,-0.0,1.0,128250.0,391961.963,21.06,412.40017956601946,1.0,3000.8045008745357,315.65099999999995,298.15,17.500999999999976,17.500999999999976,3046.6201758945217,84469.87151999993,256961.963,-0.0,72.64269565646262,72.64269565646262
152,1.0,-0.0,-0.0,0.0,1.0,128250.0,393521.266,21.06,412.40017956601946,1.0,3091.9267262116828,314.15,298.15,16.0,16.0,3046.1110511916972,79859.51999999999,258521.266,-0.0,72.64269565646265,72.64269565646265
153,1.0,-0.0,-0.0,-0.0,1.0,128250.0,395476.924,21.06,412.40017956601946,1.0,3000.8045008745357,315.65099999999995,298.15,17.500999999999976,17.500999999999976,3046.6201758945217,84469.87151999993,260476.924,-0.0,72.64269565646262,72.64269565646262
154,1.0,-0.0,-0.0,0.0,1.0,128250.0,395513.93,21.06,412.40017956601946,1.0,3091.9267262116828,314.15,298.15,16.0,16.0,3046.1110511916972,79859.51999999999,260513.93,-0.0,72.64269565646265,72.64269565646265
155,1.0,-0.0,-0.0,-0.0,1.0,128250.0,394208.303,21.06,412.40017956601946,1.0,3046.620175894521,314.15,298.15,16.0,16.0,3046.6201758945217,79859.51999999999,259208.303,-0.0,72.64269565646262,72.64269565646262
156,1.0,-0.0,-0.0,-0.0,1.0,128250.0,395689.956,5.76,412.40017956601946,1.0,3046.620175894521,314.15,298.15,16.0,16.0,3046.6201758945217,79859.51999999999,260689.956,-0.0,72.64269565646262,72.64269565646262
157,1.0,-0.0,-0.0,-0.0,1.0,128250.0,395206.334,5.76,412.40017956601946,1.0,3046.620175894521,314.15,298.15,16.0,16.0,3046.6201758945217,79859.51999999999,260206.33399999997,-0.0,72.64269565646262,72.64269565646262
158,1.0,-0.0,-0.0,-0.0,1.0,128250.0,395567.91,5.76,412.40017956601946,1.0,3046.620175894521,314.15,298.15,16.0,16.0,3046.6201758945217,79859.51999999999,260567.90999999997,-0.0,72.64269565646262,72.64269565646262
159,1.0,-0.0,-0.0,-0.0,1.0,128250.0,395639.244,5.76,412.40017956601946,1.0,3046.620175894521,314.15,298.15,16.0,16.0,3046.6201758945217,79859.51999999999,260639.244,-0.0,72.64269565646262,72.64269565646262
160,1.0,-0.0,-0.0,-0.0,1.0,128250.0,395781.926,5.76,412.40017956601946,1.0,3046.6201758945244,314.15,298.15,16.0,16.0,3046.6201758945217,79859.51999999999,260781.92599999998,-0.0,72.64269565646262,72.64269565646262
161,1.0,-0.0,-0.0,-0.0,1.0,128250.0,394954.169,5.76,412.40017956601946,1.0,3046.620175894517,314.15,298.15,16.0,16.0,3046.6201758945217,79859.51999999999,259954.169,-0.0,72.64269565646262,72.64269565646262
162,1.0,-0.0,-0.0,-0.0,1.0,128250.0,392285.376,-0.15000000000000002,412.40017956601946,1.0,3046.620175894521,314.15,298.15,16.0,16.0,3046.6201758945217,79859.51999999999,257285.376,-0.0,72.64269565646262,72.64269565646262
163,1.0,-0.0,-0.0,0.0,1.0,29700.0,37643.34037,-0.15000000000000002,107.57847253536775,1.0,383.151091300133,315.06941922037186,298.15,16.91941922037188,16.91941922037188,411.2149235504266,82683.53452375662,1193.340369999998,-0.0,67.23917330331369,67.23917330331369
164,0.0,1.0,0.0,0.0,0.0,0.0,3601.693,-0.15000000000000002,0.0,1.0,0.0,314.8814029076409,353.15,-38.26859709235907,-38.26859709235907,-5.738903585966007,-86827.56134112274,3601.693,1.0,0.0,37050.0
165,0.0,1.0,0.0,0.0,0.0,0.0,3601.391,-0.15000000000000002,0.0,1.0,0.0,314.6954759180359,353.15,-38.45452408196405,-38.45452408196405,-5.675130268614039,-87398.63980823422,3601.391,0.0,0.0,0.0
166,0.0,1.0,0.0,0.0,0.0,0.0,3601.794,-0.15000000000000002,0.0,1.0,0.0,314.511615034044,353.15,-38.63838496595599,-38.63838496595599,-5.612065629486998,-87963.37219063315,3601.794,0.0,0.0,0.0
167,0.0,1.0,0.0,0.0,0.0,0.0,3601.108,-0.15000000000000002,0.0,1.0,0.0,314.3297972961562,353.15,-38.82020270384379,-38.82020270384379,-5.5497017934287385,-88521.82900891028,3601.108,0.0,0.0,0.0
168,0.0,0.0,1.0,0.0,0.0,0.0,18157.4051,0.18,0.0,1.0,0.0,314.15,353.15,-39.0,-39.0,-5.488030972795595,-89074.07999999999,11407.4051,0.0,0.0,92.625
169,1.0,-0.0,-0.0,-0.0,1.0,128250.0,387516.2073,0.18,412.40017956601946,1.0,3046.620175894519,314.15,298.15,16.0,16.0,3046.6201758945217,79859.51999999999,252516.2073,0.0,72.64269565646262,72.64269565646262
170,1.0,-0.0,-0.0,-0.0,1.0,128250.0,393582.761,0.18,412.40017956601946,1.0,3046.6201758945217,314.15,298.15,16.0,16.0,3046.6201758945217,79859.51999999999,258582.761,-0.0,72.64269565646262,72.64269565646262
171,1.0,-0.0,-0.0,-0.0,1.0,128250.0,393565.321,0.18,412.40017956601946,1.0,3046.620175894521,314.15,298.15,16.0,16.0,3046.6201758945217,79859.51999999999,258565.321,-0.0,72.64269565646262,72.64269565646262
172,1.0,-0.0,-0.0,-0.0,1.0,128250.0,393569.548,0.18,412.40017956601946,1.0,3046.620175894521,314.15,298.15,16.0,16.0,3046.6201758945217,79859.51999999999,258569.548,-0.0,72.64269565646262,72.64269565646262
173,1.0,-0.0,-0.0,-0.0,1.0,128250.0,393568.344,0.18,412.40017956601946,1.0,3000.8045008745366,315.65099999999995,298.15,17.500999999999976,17.500999999999976,3046.6201758945217,84469.87151999993,258568.34399999998,-0.0,72.64269565646262,72.64269565646262
174,1.0,-0.0,-0.0,0.0,1.0,128250.0,393586.649,21.18,412.40017956601946,1.0,3091.9267262116828,314.15,298.15,16.0,16.0,3046.1110511916972,79859.51999999999,258586.64899999998,-0.0,72.64269565646259,72.64269565646259
175,1.0,-0.0,-0.0,-0.0,1.0,128250.0,393583.559,21.18,412.40017956601946,1.0,3046.620175894521,314.15,298.15,16.0,16.0,3046.6201758945217,79859.51999999999,258583.559,-0.0,72.64269565646262,72.64269565646262
176,1.0,-0.0,-0.0,-0.0,1.0,128250.0,393573.383,21.18,412.40017956601946,1.0,3046.620175894521,314.15,298.15,16.0,16.0,3046.6201758945217,79859.51999999999,258573.38299999997,-0.0,72.64269565646262,72.64269565646262
177,1.0,-0.0,-0.0,-0.0,1.0,128250.0,393565.251,21.18,412.40017956601946,1.0,3046.620175894521,314.15,298.15,16.0,16.0,3046.6201758945217,79859.51999999999,258565.251,-0.0,72.64269565646262,72.64269565646262
178,1.0,-0.0,-0.0,-0.0,1.0,128250.0,393583.634,21.18,412.40017956601946,1.0,3046.620175894521,314.15,298.15,16.0,16.0,3046.6201758945217,79859.51999999999,258583.63400000002,-0.0,72.64269565646262,72.64269565646262
179,1.0,-0.0,-0.0,-0.0,1.0,128250.0,393299.906,21.18,412.40017956601946,1.0,2848.1873289225477,320.65099999999995,298.15,22.500999999999976,22.500999999999976,3046.6201758945217,99827.47151999993,258299.90600000002,-0.0,72.64269565646262,72.64269565646262
180,1.0,-0.0,-0.0,0.0,1.0,128250.0,389972.253,35.400000000000006,417.263119516242,1.0,3073.4934989950298,315.649,298.15,17.499000000000024,17.499000000000024,2920.8152801742617,84463.72848000006,254972.25300000003,-0.0,88.8320833350898,88.8320833350898
181,1.0,-0.0,-0.0,-0.0,1.0,128250.0,389970.344,35.400000000000006,417.263119516242,1.0,2922.5119102632207,315.649,298.15,17.499000000000024,17.499000000000024,2922.511910263221,84463.72848000006,254970.34399999998,-0.0,88.83208333508983,88.83208333508983
182,1.0,-0.0,-0.0,-0.0,1.0,128250.0,389978.351,35.400000000000006,417.263119516242,1.0,2922.5119102632198,315.649,298.15,17.499000000000024,17.499000000000024,2922.511910263221,84463.72848000006,254978.35100000002,-0.0,88.83208333508983,88.83208333508983
183,1.0,-0.0,-0.0,-0.0,1.0,128250.0,389981.615,35.400000000000006,417.263119516242,1.0,2922.5119102632198,315.649,298.15,17.499000000000024,17.499000000000024,2922.511910263221,84463.72848000006,254981.615,-0.0,88.83208333508983,88.83208333508983
184,1.0,-0.0,-0.0,-0.0,1.0,128250.0,386698.573,35.400000000000006,417.263119516242,1.0,2922.5119102632198,315.649,298.15,17.499000000000024,17.499000000000024,2922.511910263221,84463.72848000006,251698.57299999997,-0.0,88.83208333508983,88.83208333508983
185,1.0,-0.0,-0.0,-0.0,1.0,128250.0,384203.089,35.400000000000006,417.263119516242,1.0,2617.277566359244,325.649,298.15,27.499000000000024,27.499000000000024,2922.511910263221,115178.92848000006,249203.08899999998,-0.0,88.83208333508983,88.83208333508983
186,1.0,-0.0,-0.0,-0.0,1.0,128250.0,391791.309,63.929997,426.81197613250845,1.0,2675.238413825655,325.649,298.15,27.499000000000024,27.499000000000024,2675.2384138256543,115178.92848000006,256791.309,-0.0,132.83318607052482,132.83318607052482
187,1.0,-0.0,-0.0,-0.0,1.0,128250.0,391200.56,63.929997,426.81197613250845,1.0,2675.238413825655,325.649,298.15,27.499000000000024,27.499000000000024,2675.2384138256543,115178.92848000006,256200.56,-0.0,132.83318607052482,132.83318607052482
188,1.0,-0.0,-0.0,-0.0,1.0,128250.0,393582.609,63.929997,426.81197613250845,1.0,2675.238413825655,325.649,298.15,27.499000000000024,27.499000000000024,2675.2384138256543,115178.92848000006,258582.609,-0.0,132.83318607052482,132.83318607052482
189,1.0,-0.0,-0.0,-0.0,1.0,128250.0,392535.716,63.929997,426.81197613250845,1.0,2675.238413825655,325.649,298.15,27.499000000000024,27.499000000000024,2675.2384138256543,115178.92848000006,257535.71600000001,-0.0,132.83318607052482,132.83318607052482
190,1.0,-0.0,-0.0,0.0,1.0,128250.0,393530.095,63.929997,426.81197613250845,1.0,2675.238413825655,325.649,298.15,27.499000000000024,27.499000000000024,2675.2384138256543,115178.92848000006,258530.09499999997,-0.0,132.83318607052482,132.83318607052482
191,1.0,-0.0,-0.0,-0.0,1.0,128250.0,392165.1,63.929997,426.81197613250845,1.0,2522.6212418736663,330.649,298.15,32.499000000000024,32.499000000000024,2675.2384138256543,130536.52848000005,257165.1,-0.0,132.83318607052482,132.83318607052482
192,1.0,-0.0,-0.0,0.0,1.0,128250.0,393575.79,91.320003,431.5233179281724,1.0,2552.6437393961246,330.649,298.15,32.499000000000024,32.499000000000024,2552.643739396125,130536.52848000005,258575.78999999998,-0.0,162.43074750369306,162.43074750369306
193,1.0,-0.0,-0.0,0.0,1.0,128250.0,392514.835,91.320003,431.5233179281724,1.0,2552.6437393961246,330.649,298.15,32.499000000000024,32.499000000000024,2552.643739396125,130536.52848000005,257514.83500000002,-0.0,162.43074750369303,162.43074750369303
194,1.0,-0.0,-0.0,0.0,1.0,128250.0,393242.87,91.320003,431.5233179281724,1.0,2552.6437393961246,330.649,298.15,32.499000000000024,32.499000000000024,2552.643739396125,130536.52848000005,258242.87,-0.0,162.43074750369306,162.43074750369306
195,1.0,-0.0,-0.0,0.0,1.0,128250.0,389980.067,91.320003,431.5233179281724,1.0,2552.6437393961246,330.649,298.15,32.499000000000024,32.499000000000024,2552.643739396125,130536.52848000005,254980.06699999998,-0.0,162.43074750369306,162.43074750369306
196,1.0,-0.0,-0.0,0.0,1.0,128250.0,389984.573,91.320003,431.5233179281724,1.0,2552.6437393961246,330.649,298.15,32.499000000000024,32.499000000000024,2552.643739396125,130536.52848000005,254984.57299999997,-0.0,162.43074750369306,162.43074750369306
197,1.0,-0.0,-0.0,0.0,1.0,128250.0,389969.342,91.320003,431.5233179281724,1.0,2552.6437393961246,330.649,298.15,32.499000000000024,32.499000000000024,2552.643739396125,130536.52848000005,254969.342,-0.0,162.43074750369306,162.43074750369306
198,1.0,-0.0,-0.0,0.0,1.0,128250.0,389975.79,91.88999700000001,431.5233179281724,1.0,2552.6437393961246,330.649,298.15,32.499000000000024,32.499000000000024,2552.643739396125,130536.52848000005,254975.78999999998,-0.0,162.43074750369306,162.43074750369306
199,1.0,-0.0,-0.0,0.0,1.0,128250.0,389978.088,91.88999700000001,431.5233179281724,1.0,2552.6437393961246,330.649,298.15,32.499000000000024,32.499000000000024,2552.643739396125,130536.52848000005,254978.088,-0.0,162.43074750369306,162.43074750369306
200,1.0,-0.0,-0.0,0.0,1.0,128250.0,389986.342,91.88999700000001,431.5233179281724,1.0,2552.6437393961246,330.649,298.15,32.499000000000024,32.499000000000024,2552.643739396125,130536.52848000005,254986.342,-0.0,162.43074750369306,162.43074750369306
201,1.0,-0.0,-0.0,0.0,1.0,128250.0,389974.42,91.88999700000001,431.5233179281724,1.0,2552.6437393961246,330.649,298.15,32.499000000000024,32.499000000000024,2552.643739396125,130536.52848000005,254974.41999999998,-0.0,162.43074750369306,162.43074750369306
202,1.0,-0.0,-0.0,0.0,1.0,128250.0,389985.159,91.88999700000001,431.5233179281724,1.0,2552.6437393961246,330.649,298.15,32.499000000000024,32.499000000000024,2552.643739396125,130536.52848000005,254985.15899999999,-0.0,162.43074750369306,162.43074750369306
203,1.0,-0.0,-0.0,0.0,1.0,128250.0,389982.516,91.88999700000001,431.5233179281724,1.0,2399.965520575354,335.65100000000007,298.15,37.50100000000009,37.50100000000009,2552.643739396125,145900.27152000027,254982.516,-0.0,162.43074750369306,162.43074750369306
204,1.0,-0.0,-0.0,0.0,1.0,128250.0,389983.051,92.580003,431.5233179281724,1.0,2703.625328127915,330.649,298.15,32.499000000000024,32.499000000000024,2550.9471093071656,130536.52848000005,254983.05099999998,-0.0,162.43074750369186,162.43074750369186
205,1.0,-0.0,-0.0,0.0,1.0,128250.0,389975.936,92.580003,431.5233179281724,1.0,2399.965520575354,335.65100000000007,298.15,37.50100000000009,37.50100000000009,2552.643739396125,145900.27152000027,254975.936,-0.0,162.43074750369306,162.43074750369306
206,1.0,-0.0,-0.0,0.0,1.0,128250.0,389980.703,92.580003,431.5233179281724,1.0,2550.9471093071443,335.65100000000007,298.15,37.50100000000009,37.50100000000009,2550.9471093071656,145900.27152000027,254980.70299999998,-0.0,162.43074750369186,162.43074750369186
207,1.0,-0.0,-0.0,0.0,1.0,128250.0,389976.556,92.580003,431.5233179281724,1.0,2703.625328127915,330.649,298.15,32.499000000000024,32.499000000000024,2550.9471093071656,130536.52848000005,254976.55599999998,-0.0,162.43074750369186,162.43074750369186
208,1.0,-0.0,-0.0,0.0,1.0,128250.0,389976.456,92.580003,431.5233179281724,1.0,2399.965520575354,335.65100000000007,298.15,37.50100000000009,37.50100000000009,2552.643739396125,145900.27152000027,254976.456,-0.0,162.43074750369306,162.43074750369306
209,1.0,-0.0,-0.0,0.0,1.0,128250.0,389811.03,92.580003,431.5233179281724,1.0,2703.625328127915,330.649,298.15,32.499000000000024,32.499000000000024,2550.9471093071656,130536.52848000005,254811.03000000003,-0.0,162.43074750369186,162.43074750369186
210,1.0,-0.0,-0.0,0.0,1.0,128250.0,389978.591,93.120003,431.5233179281724,1.0,2399.9655205753575,335.65099999999995,298.15,37.500999999999976,37.500999999999976,2552.643739396125,145900.27151999992,254978.59100000001,-0.0,162.43074750369306,162.43074750369306
211,1.0,-0.0,-0.0,0.0,1.0,128250.0,389977.317,93.120003,431.5233179281724,1.0,2550.947109307165,335.65099999999995,298.15,37.500999999999976,37.500999999999976,2550.9471093071656,145900.27151999992,254977.31699999998,-0.0,162.430747503693,162.430747503693
212,1.0,-0.0,-0.0,0.0,1.0,128250.0,389952.345,93.120003,431.5233179281724,1.0,2550.947109307165,335.65099999999995,298.15,37.500999999999976,37.500999999999976,2550.9471093071656,145900.27151999992,254952.34499999997,-0.0,162.43074750369306,162.43074750369306
213,1.0,-0.0,-0.0,0.0,1.0,128250.0,389978.747,93.120003,431.5233179281724,1.0,2550.947109307165,335.65099999999995,298.15,37.500999999999976,37.500999999999976,2550.9471093071656,145900.27151999992,254978.74699999997,-0.0,162.43074750369306,162.43074750369306
214,1.0,-0.0,-0.0,0.0,1.0,128250.0,389979.525,93.120003,431.5233179281724,1.0,2550.947109307165,335.65099999999995,298.15,37.500999999999976,37.500999999999976,2550.9471093071656,145900.27151999992,254979.52500000002,-0.0,162.430747503693,162.430747503693
215,1.0,-0.0,-0.0,0.0,1.0,128250.0,389980.726,93.120003,431.5233179281724,1.0,2550.947109307165,335.65099999999995,298.15,37.500999999999976,37.500999999999976,2550.9471093071656,145900.27151999992,254980.72600000002,-0.0,162.43074750369306,162.43074750369306
216,1.0,-0.0,-0.0,0.0,1.0,128250.0,389972.27,92.909997,431.5233179281724,1.0,2550.94710930716,335.6510000000001,298.15,37.50100000000015,37.50100000000015,2550.9471093071656,145900.27152000045,254972.27000000002,-0.0,162.43074750369306,162.43074750369306
217,1.0,-0.0,-0.0,0.0,1.0,128250.0,389983.395,92.909997,431.5233179281724,1.0,2550.947109307143,335.6510000000001,298.15,37.50100000000015,37.50100000000015,2550.9471093071656,145900.27152000045,254983.39500000002,-0.0,162.43074750369186,162.43074750369186
218,1.0,-0.0,-0.0,0.0,1.0,128250.0,389973.155,92.909997,431.5233179281724,1.0,2550.9471093071497,335.65099999999995,298.15,37.500999999999976,37.500999999999976,2550.9471093071656,145900.27151999992,254973.15500000003,-0.0,162.43074750369186,162.43074750369186
219,1.0,-0.0,-0.0,0.0,1.0,128250.0,389985.329,92.909997,431.5233179281724,1.0,2550.94710930716,335.6510000000001,298.15,37.50100000000015,37.50100000000015,2550.9471093071656,145900.27152000045,254985.32900000003,-0.0,162.43074750369306,162.43074750369306
220,1.0,-0.0,-0.0,0.0,1.0,128250.0,389979.647,92.909997,431.5233179281724,1.0,2550.947109307143,335.6510000000001,298.15,37.50100000000015,37.50100000000015,2550.9471093071656,145900.27152000045,254979.647,-0.0,162.43074750369186,162.43074750369186
221,1.0,-0.0,-0.0,0.0,1.0,128250.0,389976.993,92.909997,431.5233179281724,1.0,2550.947109307148,335.65099999999995,298.15,37.500999999999976,37.500999999999976,2550.9471093071656,145900.27151999992,254976.99300000002,-0.0,162.43074750369192,162.43074750369192
222,1.0,-0.0,-0.0,0.0,1.0,128250.0,389874.769,93.120003,431.5233179281724,1.0,2550.947109307165,335.65099999999995,298.15,37.500999999999976,37.500999999999976,2550.9471093071656,145900.27151999992,254874.76899999997,-0.0,162.430747503693,162.430747503693
223,1.0,-0.0,-0.0,0.0,1.0,128250.0,389965.127,93.120003,431.5233179281724,1.0,2550.947109307165,335.65099999999995,298.15,37.500999999999976,37.500999999999976,2550.9471093071656,145900.27151999992,254965.12699999998,-0.0,162.430747503693,162.430747503693
224,1.0,-0.0,-0.0,0.0,1.0,128250.0,389986.585,93.120003,431.5233179281724,1.0,2550.947109307165,335.65099999999995,298.15,37.500999999999976,37.500999999999976,2550.9471093071656,145900.27151999992,254986.58500000002,-0.0,162.43074750369306,162.43074750369306
225,1.0,-0.0,-0.0,0.0,1.0,128250.0,389959.121,93.120003,431.5233179281724,1.0,2550.947109307165,335.65099999999995,298.15,37.500999999999976,37.500999999999976,2550.9471093071656,145900.27151999992,254959.12099999998,-0.0,162.430747503693,162.430747503693
226,1.0,-0.0,-0.0,0.0,1.0,128250.0,389980.315,93.120003,431.5233179281724,1.0,2550.947109307165,335.65099999999995,298.15,37.500999999999976,37.500999999999976,2550.9471093071656,145900.27151999992,254980.315,-0.0,162.430747503693,162.430747503693
227,1.0,-0.0,-0.0,0.0,1.0,128250.0,389979.865,93.120003,431.5233179281724,1.0,2550.947109307165,335.65099999999995,298.15,37.500999999999976,37.500999999999976,2550.9471093071656,145900.27151999992,254979.865,-0.0,162.43074750369306,162.43074750369306
228,1.0,-0.0,-0.0,0.0,1.0,128250.0,389942.781,93.330003,431.5233179281724,1.0,2550.9471093071643,335.65099999999995,298.15,37.500999999999976,37.500999999999976,2550.9471093071656,145900.27151999992,254942.78100000002,-0.0,162.43074750369306,162.43074750369306
229,1.0,-0.0,-0.0,0.0,1.0,128250.0,389296.058,93.330003,431.5233179281724,1.0,2550.947109307165,335.65099999999995,298.15,37.500999999999976,37.500999999999976,2550.9471093071656,145900.27151999992,254296.05800000002,-0.0,162.430747503693,162.430747503693
230,1.0,-0.0,-0.0,0.0,1.0,128250.0,388669.046,93.330003,431.5233179281724,1.0,2550.947109307165,335.65099999999995,298.15,37.500999999999976,37.500999999999976,2550.9471093071656,145900.27151999992,253669.04599999997,-0.0,162.430747503693,162.430747503693
231,1.0,-0.0,-0.0,0.0,1.0,128250.0,388478.722,93.330003,431.5233179281724,1.0,2550.947109307165,335.65099999999995,298.15,37.500999999999976,37.500999999999976,2550.9471093071656,145900.27151999992,253478.722,-0.0,162.43074750369306,162.43074750369306
232,1.0,-0.0,-0.0,0.0,1.0,128250.0,386579.209,93.330003,431.5233179281724,1.0,2550.947109307165,335.65099999999995,298.15,37.500999999999976,37.500999999999976,2550.9471093071656,145900.27151999992,251579.20899999997,-0.0,162.43074750369306,162.43074750369306
233,1.0,-0.0,-0.0,0.0,1.0,128250.0,385300.145,93.330003,431.5233179281724,1.0,2550.9471093071643,335.65099999999995,298.15,37.500999999999976,37.500999999999976,2550.9471093071656,145900.27151999992,250300.14500000002,-0.0,162.430747503693,162.430747503693
234,1.0,-0.0,-0.0,0.0,1.0,128250.0,384066.542,94.23,431.5233179281724,1.0,2550.947109307165,335.65099999999995,298.15,37.500999999999976,37.500999999999976,2550.9471093071656,145900.27151999992,249066.54200000002,-0.0,162.430747503693,162.430747503693
235,1.0,-0.0,-0.0,0.0,1.0,128250.0,384337.715,94.23,431.5233179281724,1.0,2550.947109307165,335.65099999999995,298.15,37.500999999999976,37.500999999999976,2550.9471093071656,145900.27151999992,249337.71500000003,-0.0,162.43074750369306,162.43074750369306
236,1.0,-0.0,-0.0,0.0,1.0,128250.0,383382.264,94.23,431.5233179281724,1.0,2550.947109307165,335.65099999999995,298.15,37.500999999999976,37.500999999999976,2550.9471093071656,145900.27151999992,248382.26400000002,-0.0,162.430747503693,162.430747503693
237,1.0,-0.0,-0.0,0.0,1.0,128250.0,383109.168,94.23,431.5233179281724,1.0,2550.947109307165,335.65099999999995,298.15,37.500999999999976,37.500999999999976,2550.9471093071656,145900.27151999992,248109.168,-0.0,162.43074750369306,162.43074750369306
238,1.0,-0.0,-0.0,0.0,1.0,128250.0,381923.605,94.23,431.5233179281724,1.0,2550.947109307165,335.65099999999995,298.15,37.500999999999976,37.500999999999976,2550.9471093071656,145900.27151999992,246923.60499999998,-0.0,162.430747503693,162.430747503693
239,1.0,-0.0,-0.0,0.0,1.0,128250.0,384450.019,94.23,431.5233179281724,1.0,2703.6253281279323,330.649,298.15,32.499000000000024,32.499000000000024,2550.9471093071656,130536.52848000005,249450.01899999997,-0.0,162.430747503693,162.430747503693
240,1.0,-0.0,-0.0,0.0,1.0,124200.0,381810.095,95.94,419.32228401027584,1.0,2437.5035306654604,330.649,298.15,32.499000000000024,32.499000000000024,2437.5035306654613,130536.52848000005,250860.09499999997,-0.0,161.94939494856038,161.94939494856038
241,1.0,-0.0,-0.0,0.0,1.0,124200.0,381767.817,95.94,419.32228401027584,1.0,2437.5035306654604,330.649,298.15,32.499000000000024,32.499000000000024,2437.5035306654613,130536.52848000005,250817.81699999998,-0.0,161.9493949485604,161.9493949485604
242,1.0,-0.0,-0.0,0.0,1.0,124200.0,378082.365,95.94,419.32228401027584,1.0,2437.5035306654604,330.649,298.15,32.499000000000024,32.499000000000024,2437.5035306654613,130536.52848000005,247132.365,-0.0,161.9493949485604,161.9493949485604
243,1.0,-0.0,-0.0,0.0,1.0,124200.0,371926.741,95.94,419.32228401027584,1.0,2437.5035306654604,330.649,298.15,32.499000000000024,32.499000000000024,2437.5035306654613,130536.52848000005,240976.74099999998,-0.0,161.9493949485604,161.9493949485604
244,1.0,-0.0,-0.0,0.0,1.0,124200.0,369450.577,95.94,419.32228401027584,1.0,2437.5035306654604,330.649,298.15,32.499000000000024,32.499000000000024,2437.5035306654613,130536.52848000005,238500.577,-0.0,161.9493949485604,161.9493949485604
245,1.0,-0.0,-0.0,0.0,1.0,124200.0,371133.667,95.94,419.32228401027584,1.0,2437.5035306654604,330.649,298.15,32.499000000000024,32.499000000000024,2437.5035306654613,130536.52848000005,240183.66700000002,-0.0,161.9493949485604,161.9493949485604
246,1.0,-0.0,-0.0,0.0,1.0,116100.0,371135.869,96.81,394.7201945671155,1.0,2211.975023718525,330.649,298.15,32.499000000000024,32.499000000000024,2211.975023718526,130536.52848000005,248285.869,-0.0,160.9787986290388,160.9787986290388
247,1.0,-0.0,-0.0,0.0,1.0,116100.0,370043.567,96.81,394.7201945671155,1.0,2211.975023718525,330.649,298.15,32.499000000000024,32.499000000000024,2211.975023718526,130536.52848000005,247193.56699999998,-0.0,160.9787986290388,160.9787986290388
248,1.0,-0.0,-0.0,0.0,1.0,116100.0,370261.137,96.81,394.7201945671155,1.0,2211.975023718525,330.649,298.15,32.499000000000024,32.499000000000024,2211.975023718526,130536.52848000005,247411.137,-0.0,160.9787986290388,160.9787986290388
249,1.0,-0.0,-0.0,0.0,1.0,116100.0,363319.148,96.81,394.7201945671155,1.0,2211.975023718525,330.649,298.15,32.499000000000024,32.499000000000024,2211.975023718526,130536.52848000005,240469.148,-0.0,160.97879862903878,160.97879862903878
250,1.0,-0.0,-0.0,0.0,1.0,116100.0,364008.82,96.81,394.7201945671155,1.0,2211.975023718525,330.649,298.15,32.499000000000024,32.499000000000024,2211.975023718526,130536.52848000005,241158.82,-0.0,160.9787986290388,160.9787986290388
251,1.0,-0.0,-0.0,0.0,1.0,116100.0,363762.205,96.81,394.7201945671155,1.0,2211.975023718525,330.649,298.15,32.499000000000024,32.499000000000024,2211.975023718526,130536.52848000005,240912.20500000002,-0.0,160.9787986290388,160.9787986290388
252,1.0,-0.0,-0.0,0.0,1.0,126900.0,363128.718,95.76,427.46357878321464,1.0,2361.4126863716397,335.65099999999995,298.15,37.500999999999976,37.500999999999976,2514.0909051924073,145900.27151999992,229478.718,-0.0,162.27058355170772,162.27058355170772
253,1.0,-0.0,-0.0,0.0,1.0,126900.0,356611.605,95.76,427.46357878321464,1.0,2512.3942751034474,335.65099999999995,298.15,37.500999999999976,37.500999999999976,2512.394275103448,145900.27151999992,222961.60499999998,-0.0,162.27058355170772,162.27058355170772
254,1.0,-0.0,-0.0,0.0,1.0,126900.0,355394.389,95.76,427.46357878321464,1.0,2665.0724939242145,330.649,298.15,32.499000000000024,32.499000000000024,2512.394275103448,130536.52848000005,221744.38900000002,-0.0,162.27058355170772,162.27058355170772
255,1.0,-0.0,-0.0,0.0,1.0,126900.0,350099.937,95.76,427.46357878321464,1.0,2514.090905192407,330.649,298.15,32.499000000000024,32.499000000000024,2514.0909051924073,130536.52848000005,216449.93699999998,-0.0,162.2705835517077,162.2705835517077
256,1.0,-0.0,-0.0,0.0,1.0,126900.0,345686.457,95.76,427.46357878321464,1.0,2514.090905192407,330.649,298.15,32.499000000000024,32.499000000000024,2514.0909051924073,130536.52848000005,212036.457,-0.0,162.27058355170772,162.27058355170772
257,1.0,-0.0,-0.0,0.0,1.0,126900.0,345887.596,95.76,427.46357878321464,1.0,2361.4126863716397,335.65099999999995,298.15,37.500999999999976,37.500999999999976,2514.0909051924073,145900.27151999992,212237.59600000002,-0.0,162.2705835517077,162.2705835517077
258,1.0,-0.0,-0.0,0.0,1.0,128250.0,343193.846,94.350003,431.5233179281724,1.0,2550.947109307165,335.65099999999995,298.15,37.500999999999976,37.500999999999976,2550.9471093071656,145900.27151999992,208193.84600000002,-0.0,162.430747503693,162.430747503693
259,1.0,-0.0,-0.0,0.0,1.0,128250.0,329632.86,94.350003,431.5233179281724,1.0,2550.947109307165,335.65099999999995,298.15,37.500999999999976,37.500999999999976,2550.9471093071656,145900.27151999992,194632.86,-0.0,162.43074750369306,162.43074750369306
260,1.0,-0.0,-0.0,0.0,1.0,128250.0,315934.448,94.350003,431.5233179281724,1.0,2550.947109307165,335.65099999999995,298.15,37.500999999999976,37.500999999999976,2550.9471093071656,145900.27151999992,180934.44799999997,-0.0,162.43074750369306,162.43074750369306
261,1.0,-0.0,-0.0,0.0,1.0,128250.0,308715.519,94.350003,431.5233179281724,1.0,2550.947109307165,335.65099999999995,298.15,37.500999999999976,37.500999999999976,2550.9471093071656,145900.27151999992,173715.51899999997,-0.0,162.43074750369306,162.43074750369306
262,1.0,-0.0,-0.0,0.0,1.0,128250.0,293134.444,94.350003,431.5233179281724,1.0,2550.947109307165,335.65099999999995,298.15,37.500999999999976,37.500999999999976,2550.9471093071656,145900.27151999992,158134.44400000002,-0.0,162.43074750369306,162.43074750369306
263,1.0,-0.0,-0.0,0.0,1.0,128250.0,288724.3111,94.350003,431.5233179281724,1.0,2550.947109307165,335.65099999999995,298.15,37.500999999999976,37.500999999999976,2550.9471093071656,145900.27151999992,153724.3111,-0.0,162.43074750369306,162.43074750369306
264,1.0,-0.0,-0.0,0.0,1.0,128250.0,295977.601,92.820003,431.5233179281724,1.0,2550.94710930716,335.6510000000001,298.15,37.50100000000015,37.50100000000015,2550.9471093071656,145900.27152000045,160977.60100000002,-0.0,162.43074750369306,162.43074750369306
265,1.0,-0.0,-0.0,0.0,1.0,128250.0,293710.972,92.820003,431.5233179281724,1.0,2550.9471093071443,335.6510000000001,298.15,37.50100000000015,37.50100000000015,2550.9471093071656,145900.27152000045,158710.972,-0.0,162.43074750369186,162.43074750369186
266,1.0,-0.0,-0.0,0.0,1.0,128250.0,299215.785,92.820003,431.5233179281724,1.0,2550.947109307148,335.65099999999995,298.15,37.500999999999976,37.500999999999976,2550.9471093071656,145900.27151999992,164215.78499999997,-0.0,162.43074750369192,162.43074750369192
267,1.0,-0.0,-0.0,0.0,1.0,128250.0,302402.4739,92.820003,431.5233179281724,1.0,2550.94710930716,335.6510000000001,298.15,37.50100000000015,37.50100000000015,2550.9471093071656,145900.27152000045,167402.47389999998,-0.0,162.43074750369306,162.43074750369306
268,1.0,-0.0,-0.0,0.0,1.0,128250.0,295752.384,92.820003,431.5233179281724,1.0,2550.9471093071497,335.65099999999995,298.15,37.500999999999976,37.500999999999976,2550.9471093071656,145900.27151999992,160752.38400000002,-0.0,162.43074750369186,162.43074750369186
269,1.0,-0.0,-0.0,0.0,1.0,128250.0,294783.031,92.820003,431.5233179281724,1.0,2550.947109307165,335.65099999999995,298.15,37.500999999999976,37.500999999999976,2550.9471093071656,145900.27151999992,159783.03100000002,-0.0,162.43074750369306,162.43074750369306
270,1.0,-0.0,0.0,-0.0,1.0,128250.0,283697.786,92.340003,431.5233179281724,1.0,2550.947109307165,335.65099999999995,298.15,37.500999999999976,37.500999999999976,2550.9471093071656,145900.27151999992,148697.78600000002,-0.0,162.43074750369303,162.43074750369303
271,1.0,-0.0,0.0,-0.0,1.0,128250.0,291568.551,92.340003,431.5233179281724,1.0,2550.947109307165,335.65099999999995,298.15,37.500999999999976,37.500999999999976,2550.9471093071656,145900.27151999992,156568.55099999998,-0.0,162.43074750369303,162.43074750369303
272,1.0,-0.0,0.0,-0.0,1.0,128250.0,291361.6261,92.340003,431.5233179281724,1.0,2550.947109307165,335.65099999999995,298.15,37.500999999999976,37.500999999999976,2550.9471093071656,145900.27151999992,156361.6261,-0.0,162.43074750369303,162.43074750369303
273,1.0,-0.0,0.0,-0.0,1.0,128250.0,284054.989,92.340003,431.5233179281724,1.0,2550.947109307165,335.65099999999995,298.15,37.500999999999976,37.500999999999976,2550.9471093071656,145900.27151999992,149054.989,-0.0,162.43074750369306,162.43074750369306
274,1.0,-0.0,0.0,-0.0,1.0,128250.0,278621.38,92.340003,431.5233179281724,1.0,2550.947109307165,335.65099999999995,298.15,37.500999999999976,37.500999999999976,2550.9471093071656,145900.27151999992,143621.38,-0.0,162.43074750369306,162.43074750369306
275,1.0,-0.0,0.0,-0.0,1.0,128250.0,262803.851,92.340003,431.5233179281724,1.0,2550.947109307165,335.65099999999995,298.15,37.500999999999976,37.500999999999976,2550.9471093071656,145900.27151999992,127803.85100000002,-0.0,162.43074750369303,162.43074750369303
276,1.0,-0.0,-0.0,0.0,1.0,128250.0,268641.323,91.26,431.5233179281724,1.0,2550.947109307165,335.65099999999995,298.15,37.500999999999976,37.500999999999976,2550.9471093071656,145900.27151999992,133641.32299999997,-0.0,162.43074750369306,162.43074750369306
277,1.0,-0.0,-0.0,0.0,1.0,128250.0,255548.5956,91.26,431.5233179281724,1.0,2550.947109307165,335.65099999999995,298.15,37.500999999999976,37.500999999999976,2550.9471093071656,145900.27151999992,120548.5956,-0.0,162.43074750369306,162.43074750369306
278,1.0,-0.0,-0.0,0.0,1.0,128250.0,264510.039,91.26,431.5233179281724,1.0,2550.947109307165,335.65099999999995,298.15,37.500999999999976,37.500999999999976,2550.9471093071656,145900.27151999992,129510.03899999999,-0.0,162.43074750369306,162.43074750369306
279,1.0,-0.0,-0.0,0.0,1.0,128250.0,277890.5044,91.26,431.5233179281724,1.0,2550.947109307165,335.65099999999995,298.15,37.500999999999976,37.500999999999976,2550.9471093071656,145900.27151999992,142890.50439999998,-0.0,162.43074750369306,162.43074750369306
280,1.0,-0.0,-0.0,0.0,1.0,128250.0,269292.665,91.26,431.5233179281724,1.0,2550.947109307165,335.65099999999995,298.15,37.500999999999976,37.500999999999976,2550.9471093071656,145900.27151999992,134292.66499999998,-0.0,162.43074750369306,162.43074750369306
281,1.0,-0.0,-0.0,0.0,1.0,128250.0,271393.98,91.26,431.5233179281724,1.0,2550.947109307165,335.65099999999995,298.15,37.500999999999976,37.500999999999976,2550.9471093071656,145900.27151999992,136393.97999999998,-0.0,162.43074750369306,162.43074750369306
282,1.0,-0.0,0.0,0.0,1.0,128250.0,256566.902,89.73,431.5233179281724,1.0,2550.947109307165,335.65099999999995,298.15,37.500999999999976,37.500999999999976,2550.9471093071656,145900.27151999992,121566.902,-0.0,162.43074750369306,162.43074750369306
283,1.0,-0.0,0.0,0.0,1.0,128250.0,247722.069,89.73,431.5233179281724,1.0,2703.6253281279323,330.649,298.15,32.499000000000024,32.499000000000024,2550.9471093071656,130536.52848000005,112722.06899999999,-0.0,162.43074750369306,162.43074750369306
284,1.0,-0.0,0.0,0.0,1.0,128250.0,237524.914,89.73,431.5233179281724,1.0,2552.6437393961246,330.649,298.15,32.499000000000024,32.499000000000024,2552.643739396125,130536.52848000005,102524.91399999999,-0.0,162.43074750369306,162.43074750369306
285,1.0,-0.0,0.0,0.0,1.0,128250.0,241239.954,89.73,431.5233179281724,1.0,2552.6437393961246,330.649,298.15,32.499000000000024,32.499000000000024,2552.643739396125,130536.52848000005,106239.954,-0.0,162.43074750369306,162.43074750369306
286,1.0,-0.0,0.0,0.0,1.0,128250.0,256008.2941,89.73,431.5233179281724,1.0,2399.9655205753575,335.65099999999995,298.15,37.500999999999976,37.500999999999976,2552.643739396125,145900.27151999992,121008.2941,-0.0,162.43074750369306,162.43074750369306
287,1.0,-0.0,0.0,0.0,1.0,128250.0,264550.975,89.73,431.5233179281724,1.0,2703.5642812591523,330.65099999999995,298.15,32.500999999999976,32.500999999999976,2550.9471093071656,130542.67151999992,129550.97499999998,-0.0,162.43074750369306,162.43074750369306
288,1.0,-0.0,-0.0,0.0,1.0,128250.0,265242.083,82.19999999999999,426.81197613250845,1.0,2826.220002557462,325.649,298.15,27.499000000000024,27.499000000000024,2673.541783736695,115178.92848000006,130242.08299999998,-0.0,132.8331860705248,132.8331860705248
289,1.0,-0.0,-0.0,0.0,1.0,128250.0,254400.7277,82.19999999999999,426.81197613250845,1.0,2522.560195004888,330.65099999999995,298.15,32.500999999999976,32.500999999999976,2675.2384138256543,130542.67151999992,119400.72769999999,-0.0,132.8331860705248,132.8331860705248
290,1.0,-0.0,-0.0,0.0,1.0,128250.0,238565.347,82.19999999999999,426.81197613250845,1.0,2673.541783736695,330.65099999999995,298.15,32.500999999999976,32.500999999999976,2673.541783736695,130542.67151999992,103565.34700000001,-0.0,132.8331860705248,132.8331860705248
291,1.0,-0.0,-0.0,0.0,1.0,128250.0,255577.498,82.19999999999999,426.81197613250845,1.0,2673.541783736694,330.65099999999995,298.15,32.500999999999976,32.500999999999976,2673.541783736695,130542.67151999992,120577.49799999999,-0.0,132.8331860705248,132.8331860705248
292,1.0,-0.0,-0.0,0.0,1.0,128250.0,289716.777,82.19999999999999,426.81197613250845,1.0,2673.541783736694,330.65099999999995,298.15,32.500999999999976,32.500999999999976,2673.541783736695,130542.67151999992,154716.777,-0.0,132.8331860705248,132.8331860705248
293,1.0,-0.0,-0.0,0.0,1.0,128250.0,306822.485,82.19999999999999,426.81197613250845,1.0,2673.541783736694,330.65099999999995,298.15,32.500999999999976,32.500999999999976,2673.541783736695,130542.67151999992,171822.485,-0.0,132.83318607052482,132.83318607052482
294,1.0,-0.0,-0.0,0.0,1.0,128250.0,321758.509,76.830003,426.81197613250845,1.0,2826.220002557462,325.649,298.15,27.499000000000024,27.499000000000024,2673.541783736695,115178.92848000006,186758.50900000002,-0.0,132.83318607052482,132.83318607052482
295,1.0,-0.0,-0.0,0.0,1.0,128250.0,314631.159,76.830003,426.81197613250845,1.0,2522.560195004888,330.65099999999995,298.15,32.500999999999976,32.500999999999976,2675.2384138256543,130542.67151999992,179631.15899999999,-0.0,132.83318607052482,132.83318607052482
296,1.0,-0.0,-0.0,0.0,1.0,128250.0,290478.14,76.830003,426.81197613250845,1.0,2673.541783736693,330.65099999999995,298.15,32.500999999999976,32.500999999999976,2673.541783736695,130542.67151999992,155478.14,-0.0,132.83318607052485,132.83318607052485
297,1.0,-0.0,-0.0,0.0,1.0,128250.0,281463.206,76.830003,426.81197613250845,1.0,2673.541783736694,330.65099999999995,298.15,32.500999999999976,32.500999999999976,2673.541783736695,130542.67151999992,146463.206,-0.0,132.8331860705248,132.8331860705248
298,1.0,-0.0,-0.0,0.0,1.0,128250.0,237719.703,76.830003,426.81197613250845,1.0,2673.541783736694,330.65099999999995,298.15,32.500999999999976,32.500999999999976,2673.541783736695,130542.67151999992,102719.70300000001,-0.0,132.8331860705248,132.8331860705248
299,1.0,-0.0,-0.0,0.0,1.0,128250.0,152979.1366,76.830003,426.81197613250845,1.0,2673.541783736695,330.65099999999995,298.15,32.500999999999976,32.500999999999976,2673.541783736695,130542.67151999992,17979.136599999998,-0.0,132.8331860705248,132.8331860705248
300,1.0,-0.0,-0.0,0.0,1.0,128250.0,137372.1381,57.06,426.81197613250845,1.0,2826.220002557461,325.649,298.15,27.499000000000024,27.499000000000024,2673.541783736695,115178.92848000006,2372.138100000011,-0.0,132.83318607052485,132.83318607052485
301,1.0,-0.0,-0.0,0.0,1.0,128250.0,139688.9753,57.06,426.81197613250845,1.0,2675.238413825655,325.649,298.15,27.499000000000024,27.499000000000024,2675.2384138256543,115178.92848000006,4688.975299999991,-0.0,132.8331860705248,132.8331860705248
302,1.0,-0.0,-0.0,0.0,1.0,128250.0,214335.607,57.06,426.81197613250845,1.0,2522.560195004887,330.65099999999995,298.15,32.500999999999976,32.500999999999976,2675.2384138256543,130542.67151999992,79335.60699999999,-0.0,132.83318607052485,132.83318607052485
303,1.0,-0.0,-0.0,0.0,1.0,128250.0,276790.514,57.06,426.81197613250845,1.0,2673.541783736694,330.65099999999995,298.15,32.500999999999976,32.500999999999976,2673.541783736695,130542.67151999992,141790.51400000002,-0.0,132.83318607052485,132.83318607052485
304,1.0,-0.0,-0.0,0.0,1.0,128250.0,300715.562,57.06,426.81197613250845,1.0,2673.541783736695,330.65099999999995,298.15,32.500999999999976,32.500999999999976,2673.541783736695,130542.67151999992,165715.56199999998,-0.0,132.83318607052485,132.83318607052485
305,1.0,-0.0,-0.0,0.0,1.0,128250.0,298352.314,57.06,426.81197613250845,1.0,2826.158955688682,325.65099999999995,298.15,27.500999999999976,27.500999999999976,2673.541783736695,115185.07151999991,163352.314,-0.0,132.83318607052482,132.83318607052482
306,1.0,-0.0,-0.0,0.0,1.0,128250.0,230479.466,39.45,422.06291858792235,1.0,2949.403883844606,320.649,298.15,22.499000000000024,22.499000000000024,2796.7256650238396,99821.32848000007,95479.46599999999,-0.0,108.62778792158984,108.62778792158984
307,1.0,-0.0,-0.0,-0.0,1.0,128250.0,155038.5954,39.45,422.06291858792235,1.0,2951.0394670647865,315.649,298.15,17.499000000000024,17.499000000000024,2798.4222951127995,84463.72848000006,20038.59539999999,-0.0,108.62778792158984,108.62778792158984
308,1.0,-0.0,-0.0,-0.0,1.0,112050.0,119695.0517,39.45,369.997939530679,1.0,2422.824957732604,315.649,298.15,17.499000000000024,17.499000000000024,2422.8249577326046,84463.72848000006,895.0516999999963,-0.0,87.80871665188195,87.80871665188195
309,1.0,-0.0,-0.0,-0.0,1.0,113400.0,120301.0788,39.45,373.97963734798174,1.0,2310.830740836175,320.649,298.15,22.499000000000024,22.499000000000024,2463.447912788164,99821.32848000007,151.07880000000296,-0.0,87.89492677294939,87.89492677294939
310,1.0,-0.0,-0.0,-0.0,1.0,125550.0,133610.5412,39.45,414.15122247987733,1.0,2716.093997455787,320.649,298.15,22.499000000000024,22.499000000000024,2716.0939974557878,99821.32848000007,1310.541200000007,-0.0,108.41856057289483,108.41856057289483
311,1.0,-0.0,-0.0,-0.0,1.0,128250.0,157535.5081,39.45,422.06291858792235,1.0,2798.4222951127986,320.649,298.15,22.499000000000024,22.499000000000024,2798.4222951127995,99821.32848000007,22535.508100000006,-0.0,108.62778792158984,108.62778792158984
312,1.0,-0.0,-0.0,-0.0,1.0,128250.0,184769.8372,48.03,422.06291858792235,1.0,2798.4222951127986,320.649,298.15,22.499000000000024,22.499000000000024,2798.4222951127995,99821.32848000007,49769.83720000001,-0.0,108.62778792158984,108.62778792158984
313,1.0,-0.0,-0.0,-0.0,1.0,128250.0,180920.2551,48.03,422.06291858792235,1.0,2798.4222951127986,320.649,298.15,22.499000000000024,22.499000000000024,2798.4222951127995,99821.32848000007,45920.25510000001,-0.0,108.62778792158984,108.62778792158984
314,1.0,-0.0,-0.0,-0.0,1.0,128250.0,161364.8689,48.03,422.06291858792235,1.0,2798.4222951127986,320.649,298.15,22.499000000000024,22.499000000000024,2798.4222951127995,99821.32848000007,26364.8689,-0.0,108.62778792158984,108.62778792158984
315,1.0,-0.0,-0.0,-0.0,1.0,128250.0,151581.11119999998,48.03,422.06291858792235,1.0,2798.4222951127986,320.649,298.15,22.499000000000024,22.499000000000024,2798.4222951127995,99821.32848000007,16581.111199999985,-0.0,108.62778792158984,108.62778792158984
316,1.0,-0.0,-0.0,-0.0,1.0,128250.0,170019.2859,48.03,422.06291858792235,1.0,2798.4222951127986,320.649,298.15,22.499000000000024,22.499000000000024,2798.4222951127995,99821.32848000007,35019.28589999999,-0.0,108.62778792158984,108.62778792158984
317,1.0,-0.0,-0.0,0.0,1.0,128250.0,170168.9213,48.03,422.06291858792235,1.0,2493.1269043400434,330.65099999999995,298.15,32.500999999999976,32.500999999999976,2798.4222951127995,130542.67151999992,35168.92129999999,-0.0,108.62778792158983,108.62778792158983
318,1.0,-0.0,-0.0,-0.0,1.0,128250.0,182398.3504,77.49,426.81197613250845,1.0,2673.541783736695,330.65099999999995,298.15,32.500999999999976,32.500999999999976,2673.541783736695,130542.67151999992,47398.350399999996,-0.0,132.83318607052482,132.83318607052482
319,1.0,-0.0,-0.0,-0.0,1.0,128250.0,189229.4987,77.49,426.81197613250845,1.0,2673.541783736693,330.65099999999995,298.15,32.500999999999976,32.500999999999976,2673.541783736695,130542.67151999992,54229.4987,-0.0,132.83318607052482,132.83318607052482
320,1.0,-0.0,-0.0,-0.0,1.0,128250.0,196994.4757,77.49,426.81197613250845,1.0,2673.541783736694,330.65099999999995,298.15,32.500999999999976,32.500999999999976,2673.541783736695,130542.67151999992,61994.47570000001,-0.0,132.83318607052482,132.83318607052482
321,1.0,-0.0,-0.0,-0.0,1.0,128250.0,205707.1536,77.49,426.81197613250845,1.0,2673.541783736694,330.65099999999995,298.15,32.500999999999976,32.500999999999976,2673.541783736695,130542.67151999992,70707.15359999999,-0.0,132.83318607052482,132.83318607052482
322,1.0,-0.0,-0.0,-0.0,1.0,128250.0,194324.4733,77.49,426.81197613250845,1.0,2673.541783736694,330.65099999999995,298.15,32.500999999999976,32.500999999999976,2673.541783736695,130542.67151999992,59324.47330000001,-0.0,132.83318607052482,132.83318607052482
323,1.0,-0.0,-0.0,-0.0,1.0,128250.0,181943.9436,77.49,426.81197613250845,1.0,2673.541783736694,330.65099999999995,298.15,32.500999999999976,32.500999999999976,2673.541783736695,130542.67151999992,46943.9436,-0.0,132.83318607052482,132.83318607052482
324,1.0,-0.0,-0.0,0.0,1.0,128250.0,200084.6412,84.81,426.81197613250845,1.0,2673.541783736693,330.65099999999995,298.15,32.500999999999976,32.500999999999976,2673.541783736695,130542.67151999992,65084.64120000001,-0.0,132.83318607052485,132.83318607052485
325,1.0,-0.0,-0.0,0.0,1.0,128250.0,220682.5755,84.81,426.81197613250845,1.0,2826.220002557461,325.649,298.15,27.499000000000024,27.499000000000024,2673.541783736695,115178.92848000006,85682.5755,-0.0,132.8331860705248,132.8331860705248
326,1.0,-0.0,-0.0,0.0,1.0,128250.0,214799.09,84.81,426.81197613250845,1.0,2522.560195004887,330.65099999999995,298.15,32.500999999999976,32.500999999999976,2675.2384138256543,130542.67151999992,79799.09,-0.0,132.83318607052485,132.83318607052485
327,1.0,-0.0,-0.0,0.0,1.0,128250.0,227234.264,84.81,426.81197613250845,1.0,2673.541783736693,330.65099999999995,298.15,32.500999999999976,32.500999999999976,2673.541783736695,130542.67151999992,92234.264,-0.0,132.83318607052485,132.83318607052485
328,1.0,-0.0,-0.0,0.0,1.0,128250.0,251803.0557,84.81,426.81197613250845,1.0,2673.541783736694,330.65099999999995,298.15,32.500999999999976,32.500999999999976,2673.541783736695,130542.67151999992,116803.0557,-0.0,132.8331860705248,132.8331860705248
329,1.0,-0.0,-0.0,0.0,1.0,128250.0,270778.113,84.81,426.81197613250845,1.0,2673.602830605476,330.649,298.15,32.499000000000024,32.499000000000024,2673.541783736695,130536.52848000005,135778.113,-0.0,132.8331860705248,132.8331860705248
330,1.0,-0.0,-0.0,0.0,1.0,128250.0,271470.405,94.98,431.5233179281724,1.0,2552.6437393961246,330.649,298.15,32.499000000000024,32.499000000000024,2552.643739396125,130536.52848000005,136470.40500000003,-0.0,162.430747503693,162.430747503693
331,1.0,-0.0,-0.0,0.0,1.0,128250.0,300719.475,94.98,431.5233179281724,1.0,2399.9655205753575,335.65099999999995,298.15,37.500999999999976,37.500999999999976,2552.643739396125,145900.27151999992,165719.47499999998,-0.0,162.43074750369306,162.43074750369306
332,1.0,-0.0,-0.0,0.0,1.0,128250.0,336880.172,94.98,431.5233179281724,1.0,2550.947109307165,335.65099999999995,298.15,37.500999999999976,37.500999999999976,2550.9471093071656,145900.27151999992,201880.17200000002,-0.0,162.430747503693,162.430747503693
333,1.0,-0.0,-0.0,0.0,1.0,128250.0,347140.603,94.98,431.5233179281724,1.0,2550.947109307165,335.65099999999995,298.15,37.500999999999976,37.500999999999976,2550.9471093071656,145900.27151999992,212140.603,-0.0,162.43074750369306,162.43074750369306
334,1.0,-0.0,-0.0,0.0,1.0,128250.0,361218.408,94.98,431.5233179281724,1.0,2550.947109307165,335.65099999999995,298.15,37.500999999999976,37.500999999999976,2550.9471093071656,145900.27151999992,226218.408,-0.0,162.43074750369306,162.43074750369306
335,1.0,-0.0,-0.0,0.0,1.0,128250.0,352517.025,94.98,431.5233179281724,1.0,2550.947109307165,335.65099999999995,298.15,37.500999999999976,37.500999999999976,2550.9471093071656,145900.27151999992,217517.02500000002,-0.0,162.43074750369306,162.43074750369306
336,1.0,-0.0,-0.0,0.0,1.0,128250.0,353014.391,93.570003,431.5233179281724,1.0,2550.947109307165,335.65099999999995,298.15,37.500999999999976,37.500999999999976,2550.9471093071656,145900.27151999992,218014.391,-0.0,162.430747503693,162.430747503693
337,1.0,-0.0,-0.0,0.0,1.0,128250.0,368777.355,93.570003,431.5233179281724,1.0,2550.947109307165,335.65099999999995,298.15,37.500999999999976,37.500999999999976,2550.9471093071656,145900.27151999992,233777.35499999998,-0.0,162.43074750369306,162.43074750369306
338,1.0,-0.0,-0.0,0.0,1.0,128250.0,386338.114,93.570003,431.5233179281724,1.0,2550.947109307165,335.65099999999995,298.15,37.500999999999976,37.500999999999976,2550.9471093071656,145900.27151999992,251338.114,-0.0,162.430747503693,162.430747503693
339,1.0,-0.0,-0.0,0.0,1.0,128250.0,381292.856,93.570003,431.5233179281724,1.0,2550.947109307165,335.65099999999995,298.15,37.500999999999976,37.500999999999976,2550.9471093071656,145900.27151999992,246292.85600000003,-0.0,162.43074750369306,162.43074750369306
340,1.0,-0.0,-0.0,0.0,1.0,128250.0,358440.3886,93.570003,431.5233179281724,1.0,2550.947109307165,335.65099999999995,298.15,37.500999999999976,37.500999999999976,2550.9471093071656,145900.27151999992,223440.3886,-0.0,162.43074750369306,162.43074750369306
341,1.0,-0.0,-0.0,0.0,1.0,128250.0,349948.745,93.570003,431.5233179281724,1.0,2550.947109307165,335.65099999999995,298.15,37.500999999999976,37.500999999999976,2550.9471093071656,145900.27151999992,214948.745,-0.0,162.430747503693,162.430747503693
342,1.0,-0.0,-0.0,0.0,1.0,128250.0,351193.549,93.53999999999999,431.5233179281724,1.0,2550.9471093071643,335.65099999999995,298.15,37.500999999999976,37.500999999999976,2550.9471093071656,145900.27151999992,216193.549,-0.0,162.430747503693,162.430747503693
343,1.0,-0.0,-0.0,0.0,1.0,128250.0,337715.92,93.53999999999999,431.5233179281724,1.0,2550.947109307165,335.65099999999995,298.15,37.500999999999976,37.500999999999976,2550.9471093071656,145900.27151999992,202715.91999999998,-0.0,162.430747503693,162.430747503693
344,1.0,-0.0,-0.0,0.0,1.0,128250.0,305275.789,93.53999999999999,431.5233179281724,1.0,2550.947109307165,335.65099999999995,298.15,37.500999999999976,37.500999999999976,2550.9471093071656,145900.27151999992,170275.789,-0.0,162.43074750369306,162.43074750369306
345,1.0,-0.0,-0.0,0.0,1.0,128250.0,262350.4004,93.53999999999999,431.5233179281724,1.0,2550.947109307165,335.65099999999995,298.15,37.500999999999976,37.500999999999976,2550.9471093071656,145900.27151999992,127350.40039999998,-0.0,162.43074750369306,162.43074750369306
346,1.0,-0.0,-0.0,0.0,1.0,128250.0,266872.0835,93.53999999999999,431.5233179281724,1.0,2550.947109307165,335.65099999999995,298.15,37.500999999999976,37.500999999999976,2550.9471093071656,145900.27151999992,131872.0835,-0.0,162.43074750369306,162.43074750369306
347,1.0,-0.0,-0.0,0.0,1.0,128250.0,314546.2903,93.53999999999999,431.5233179281724,1.0,2550.947109307165,335.65099999999995,298.15,37.500999999999976,37.500999999999976,2550.9471093071656,145900.27151999992,179546.2903,-0.0,162.43074750369306,162.43074750369306
348,1.0,-0.0,-0.0,0.0,1.0,128250.0,316682.183,92.850003,431.5233179281724,1.0,2550.947109307165,335.65099999999995,298.15,37.500999999999976,37.500999999999976,2550.9471093071656,145900.27151999992,181682.18300000002,-0.0,162.43074750369306,162.43074750369306
349,1.0,-0.0,-0.0,0.0,1.0,128250.0,325418.652,92.850003,431.5233179281724,1.0,2550.947109307165,335.65099999999995,298.15,37.500999999999976,37.500999999999976,2550.9471093071656,145900.27151999992,190418.652,-0.0,162.430747503693,162.430747503693
350,1.0,-0.0,-0.0,0.0,1.0,128250.0,341298.165,92.850003,431.5233179281724,1.0,2550.94710930716,335.6510000000001,298.15,37.50100000000015,37.50100000000015,2550.9471093071656,145900.27152000045,206298.16499999998,-0.0,162.43074750369306,162.43074750369306
351,1.0,-0.0,-0.0,0.0,1.0,128250.0,358455.061,92.850003,431.5233179281724,1.0,2550.9471093071497,335.65099999999995,298.15,37.500999999999976,37.500999999999976,2550.9471093071656,145900.27151999992,223455.061,-0.0,162.43074750369186,162.43074750369186
352,1.0,-0.0,-0.0,0.0,1.0,128250.0,362679.003,92.850003,431.5233179281724,1.0,2550.94710930716,335.6510000000001,298.15,37.50100000000015,37.50100000000015,2550.9471093071656,145900.27152000045,227679.00300000003,-0.0,162.43074750369306,162.43074750369306
353,1.0,-0.0,-0.0,0.0,1.0,128250.0,367120.811,92.850003,431.5233179281724,1.0,2550.9471093071497,335.65099999999995,298.15,37.500999999999976,37.500999999999976,2550.9471093071656,145900.27151999992,232120.811,-0.0,162.43074750369186,162.43074750369186
354,1.0,-0.0,-0.0,0.0,1.0,128250.0,367352.613,92.73,431.5233179281724,1.0,2550.947109307165,335.65099999999995,298.15,37.500999999999976,37.500999999999976,2550.9471093071656,145900.27151999992,232352.613,-0.0,162.430747503693,162.430747503693
355,1.0,-0.0,-0.0,0.0,1.0,128250.0,376056.452,92.73,431.5233179281724,1.0,2550.947109307165,335.65099999999995,298.15,37.500999999999976,37.500999999999976,2550.9471093071656,145900.27151999992,241056.452,-0.0,162.430747503693,162.430747503693
356,1.0,-0.0,-0.0,0.0,1.0,128250.0,376177.532,92.73,431.5233179281724,1.0,2550.94710930716,335.6510000000001,298.15,37.50100000000015,37.50100000000015,2550.9471093071656,145900.27152000045,241177.532,-0.0,162.43074750369306,162.43074750369306
357,1.0,-0.0,-0.0,0.0,1.0,128250.0,377309.5236,92.73,431.5233179281724,1.0,2550.9471093071497,335.65099999999995,298.15,37.500999999999976,37.500999999999976,2550.9471093071656,145900.27151999992,242309.52360000001,-0.0,162.43074750369186,162.43074750369186
358,1.0,-0.0,-0.0,0.0,1.0,128250.0,379268.234,92.73,431.5233179281724,1.0,2550.947109307165,335.65099999999995,298.15,37.500999999999976,37.500999999999976,2550.9471093071656,145900.27151999992,244268.234,-0.0,162.43074750369303,162.43074750369303
359,1.0,-0.0,-0.0,0.0,1.0,128250.0,379908.373,92.73,431.5233179281724,1.0,2550.9471093071643,335.65099999999995,298.15,37.500999999999976,37.500999999999976,2550.9471093071656,145900.27151999992,244908.37300000002,-0.0,162.43074750369306,162.43074750369306
360,1.0,-0.0,0.0,-0.0,1.0,128250.0,377628.4138,92.22,431.5233179281724,1.0,2550.947109307165,335.65099999999995,298.15,37.500999999999976,37.500999999999976,2550.9471093071656,145900.27151999992,242628.41379999998,-0.0,162.43074750369303,162.43074750369303
361,1.0,-0.0,0.0,-0.0,1.0,128250.0,384760.2951,92.22,431.5233179281724,1.0,2550.947109307165,335.65099999999995,298.15,37.500999999999976,37.500999999999976,2550.9471093071656,145900.27151999992,249760.2951,-0.0,162.43074750369303,162.43074750369303
362,1.0,-0.0,0.0,-0.0,1.0,128250.0,388263.169,92.22,431.5233179281724,1.0,2550.947109307165,335.65099999999995,298.15,37.500999999999976,37.500999999999976,2550.9471093071656,145900.27151999992,253263.169,-0.0,162.43074750369306,162.43074750369306
363,1.0,-0.0,0.0,-0.0,1.0,128250.0,393184.008,92.22,431.5233179281724,1.0,2550.947109307165,335.65099999999995,298.15,37.500999999999976,37.500999999999976,2550.9471093071656,145900.27151999992,258184.00799999997,-0.0,162.43074750369303,162.43074750369303
364,1.0,-0.0,0.0,-0.0,1.0,128250.0,398248.076,92.22,431.5233179281724,1.0,2550.947109307165,335.65099999999995,298.15,37.500999999999976,37.500999999999976,2550.9471093071656,145900.27151999992,263248.076,-0.0,162.43074750369303,162.43074750369303
365,1.0,-0.0,0.0,-0.0,1.0,128250.0,399497.225,92.22,431.5233179281724,1.0,2550.947109307165,335.65099999999995,298.15,37.500999999999976,37.500999999999976,2550.9471093071656,145900.27151999992,264497.225,-0.0,162.43074750369303,162.43074750369303
366,1.0,-0.0,-0.0,0.0,1.0,128250.0,399364.555,91.88999700000001,431.5233179281724,1.0,2550.947109307165,335.65099999999995,298.15,37.500999999999976,37.500999999999976,2550.9471093071656,145900.27151999992,264364.555,-0.0,162.430747503693,162.430747503693
367,1.0,-0.0,-0.0,0.0,1.0,128250.0,399672.569,91.88999700000001,431.5233179281724,1.0,2550.947109307165,335.65099999999995,298.15,37.500999999999976,37.500999999999976,2550.9471093071656,145900.27151999992,264672.569,-0.0,162.43074750369306,162.43074750369306
368,1.0,-0.0,-0.0,0.0,1.0,128250.0,398492.828,91.88999700000001,431.5233179281724,1.0,2550.947109307165,335.65099999999995,298.15,37.500999999999976,37.500999999999976,2550.9471093071656,145900.27151999992,263492.828,-0.0,162.43074750369306,162.43074750369306
369,1.0,-0.0,-0.0,0.0,1.0,128250.0,399670.84,91.88999700000001,431.5233179281724,1.0,2550.947109307165,335.65099999999995,298.15,37.500999999999976,37.500999999999976,2550.9471093071656,145900.27151999992,264670.84,-0.0,162.43074750369306,162.43074750369306
370,1.0,-0.0,-0.0,0.0,1.0,128250.0,398723.945,91.88999700000001,431.5233179281724,1.0,2550.947109307165,335.65099999999995,298.15,37.500999999999976,37.500999999999976,2550.9471093071656,145900.27151999992,263723.945,-0.0,162.43074750369306,162.43074750369306
371,1.0,-0.0,-0.0,0.0,1.0,128250.0,399733.856,91.88999700000001,431.5233179281724,1.0,2550.947109307165,335.65099999999995,298.15,37.500999999999976,37.500999999999976,2550.9471093071656,145900.27151999992,264733.856,-0.0,162.43074750369306,162.43074750369306
372,1.0,-0.0,-0.0,0.0,1.0,128250.0,399719.368,91.379997,431.5233179281724,1.0,2550.947109307165,335.65099999999995,298.15,37.500999999999976,37.500999999999976,2550.9471093071656,145900.27151999992,264719.368,-0.0,162.43074750369306,162.43074750369306
373,1.0,-0.0,-0.0,0.0,1.0,128250.0,399778.233,91.379997,431.5233179281724,1.0,2550.947109307165,335.65099999999995,298.15,37.500999999999976,37.500999999999976,2550.9471093071656,145900.27151999992,264778.233,-0.0,162.43074750369306,162.43074750369306
374,1.0,-0.0,-0.0,0.0,1.0,128250.0,399755.474,91.379997,431.5233179281724,1.0,2550.947109307165,335.65099999999995,298.15,37.500999999999976,37.500999999999976,2550.9471093071656,145900.27151999992,264755.474,-0.0,162.43074750369303,162.43074750369303
375,1.0,-0.0,-0.0,0.0,1.0,128250.0,399784.011,91.379997,431.5233179281724,1.0,2550.947109307165,335.65099999999995,298.15,37.500999999999976,37.500999999999976,2550.9471093071656,145900.27151999992,264784.011,-0.0,162.43074750369306,162.43074750369306
376,1.0,-0.0,-0.0,0.0,1.0,128250.0,399792.072,91.379997,431.5233179281724,1.0,2550.947109307165,335.65099999999995,298.15,37.500999999999976,37.500999999999976,2550.9471093071656,145900.27151999992,264792.072,-0.0,162.43074750369306,162.43074750369306
377,1.0,-0.0,-0.0,0.0,1.0,128250.0,399785.41,91.379997,431.5233179281724,1.0,2550.947109307165,335.65099999999995,298.15,37.500999999999976,37.500999999999976,2550.9471093071656,145900.27151999992,264785.41,-0.0,162.43074750369306,162.43074750369306
378,1.0,-0.0,-0.0,0.0,1.0,128250.0,399767.228,91.28999999999999,431.5233179281724,1.0,2550.947109307165,335.65099999999995,298.15,37.500999999999976,37.500999999999976,2550.9471093071656,145900.27151999992,264767.228,-0.0,162.43074750369303,162.43074750369303
379,1.0,-0.0,-0.0,0.0,1.0,128250.0,399778.039,91.28999999999999,431.5233179281724,1.0,2550.947109307165,335.65099999999995,298.15,37.500999999999976,37.500999999999976,2550.9471093071656,145900.27151999992,264778.039,-0.0,162.43074750369306,162.43074750369306
380,1.0,-0.0,-0.0,0.0,1.0,128250.0,399791.72,91.28999999999999,431.5233179281724,1.0,2703.6253281279323,330.649,298.15,32.499000000000024,32.499000000000024,2550.9471093071656,130536.52848000005,264791.72,-0.0,162.43074750369306,162.43074750369306
381,1.0,-0.0,-0.0,0.0,1.0,128250.0,399770.967,91.28999999999999,431.5233179281724,1.0,2399.9655205753575,335.65099999999995,298.15,37.500999999999976,37.500999999999976,2552.643739396125,145900.27151999992,264770.967,-0.0,162.43074750369306,162.43074750369306
382,1.0,-0.0,-0.0,0.0,1.0,128250.0,399789.493,91.28999999999999,431.5233179281724,1.0,2550.947109307165,335.65099999999995,298.15,37.500999999999976,37.500999999999976,2550.9471093071656,145900.27151999992,264789.493,-0.0,162.43074750369306,162.43074750369306
383,1.0,-0.0,-0.0,0.0,1.0,128250.0,398752.462,91.28999999999999,431.5233179281724,1.0,2550.947109307165,335.65099999999995,298.15,37.500999999999976,37.500999999999976,2550.9471093071656,145900.27151999992,263752.462,-0.0,162.43074750369303,162.43074750369303
384,1.0,-0.0,-0.0,0.0,1.0,128250.0,399746.955,92.52,431.5233179281724,1.0,2550.947109307162,335.65100000000007,298.15,37.50100000000009,37.50100000000009,2550.9471093071656,145900.27152000027,264746.955,-0.0,162.43074750369306,162.43074750369306
385,1.0,-0.0,-0.0,0.0,1.0,128250.0,399546.087,92.52,431.5233179281724,1.0,2550.9471093071443,335.65100000000007,298.15,37.50100000000009,37.50100000000009,2550.9471093071656,145900.27152000027,264546.087,-0.0,162.43074750369186,162.43074750369186
386,1.0,-0.0,-0.0,0.0,1.0,128250.0,399448.503,92.52,431.5233179281724,1.0,2550.947109307148,335.65099999999995,298.15,37.500999999999976,37.500999999999976,2550.9471093071656,145900.27151999992,264448.503,-0.0,162.43074750369186,162.43074750369186
387,1.0,-0.0,-0.0,0.0,1.0,128250.0,399370.027,92.52,431.5233179281724,1.0,2550.947109307165,335.65099999999995,298.15,37.500999999999976,37.500999999999976,2550.9471093071656,145900.27151999992,264370.027,-0.0,162.43074750369306,162.43074750369306
388,1.0,-0.0,-0.0,0.0,1.0,128250.0,399581.887,92.52,431.5233179281724,1.0,2550.947109307162,335.65100000000007,298.15,37.50100000000009,37.50100000000009,2550.9471093071656,145900.27152000027,264581.887,-0.0,162.43074750369306,162.43074750369306
389,1.0,-0.0,-0.0,0.0,1.0,128250.0,399715.321,92.52,431.5233179281724,1.0,2550.947109307148,335.65099999999995,298.15,37.500999999999976,37.500999999999976,2550.9471093071656,145900.27151999992,264715.321,-0.0,162.43074750369186,162.43074750369186
390,1.0,-0.0,-0.0,0.0,1.0,128250.0,399767.346,93.06,431.5233179281724,1.0,2550.947109307165,335.65099999999995,298.15,37.500999999999976,37.500999999999976,2550.9471093071656,145900.27151999992,264767.346,-0.0,162.430747503693,162.430747503693
391,1.0,-0.0,-0.0,0.0,1.0,128250.0,399791.23,93.06,431.5233179281724,1.0,2550.947109307165,335.65099999999995,298.15,37.500999999999976,37.500999999999976,2550.9471093071656,145900.27151999992,264791.23,-0.0,162.43074750369306,162.43074750369306
392,1.0,-0.0,-0.0,0.0,1.0,128250.0,399782.515,93.06,431.5233179281724,1.0,2550.947109307165,335.65099999999995,298.15,37.500999999999976,37.500999999999976,2550.9471093071656,145900.27151999992,264782.515,-0.0,162.430747503693,162.430747503693
393,1.0,-0.0,-0.0,0.0,1.0,128250.0,398810.186,93.06,431.5233179281724,1.0,2550.947109307165,335.65099999999995,298.15,37.500999999999976,37.500999999999976,2550.9471093071656,145900.27151999992,263810.186,-0.0,162.430747503693,162.430747503693
394,1.0,-0.0,-0.0,0.0,1.0,128250.0,399328.823,93.06,431.5233179281724,1.0,2550.947109307165,335.65099999999995,298.15,37.500999999999976,37.500999999999976,2550.9471093071656,145900.27151999992,264328.823,-0.0,162.43074750369306,162.43074750369306
395,1.0,-0.0,-0.0,0.0,1.0,128250.0,399712.888,93.06,431.5233179281724,1.0,2550.947109307165,335.65099999999995,298.15,37.500999999999976,37.500999999999976,2550.9471093071656,145900.27151999992,264712.888,-0.0,162.43074750369306,162.43074750369306
396,1.0,-0.0,0.0,-0.0,1.0,128250.0,399695.85,92.340003,431.5233179281724,1.0,2550.947109307165,335.65099999999995,298.15,37.500999999999976,37.500999999999976,2550.9471093071656,145900.27151999992,264695.85,-0.0,162.43074750369303,162.43074750369303
397,1.0,-0.0,0.0,-0.0,1.0,128250.0,399740.484,92.340003,431.5233179281724,1.0,2550.947109307165,335.65099999999995,298.15,37.500999999999976,37.500999999999976,2550.9471093071656,145900.27151999992,264740.484,-0.0,162.43074750369303,162.43074750369303
398,1.0,-0.0,0.0,-0.0,1.0,128250.0,399551.227,92.340003,431.5233179281724,1.0,2550.947109307165,335.65099999999995,298.15,37.500999999999976,37.500999999999976,2550.9471093071656,145900.27151999992,264551.227,-0.0,162.43074750369303,162.43074750369303
399,1.0,-0.0,0.0,-0.0,1.0,128250.0,399025.058,92.340003,431.5233179281724,1.0,2550.947109307165,335.65099999999995,298.15,37.500999999999976,37.500999999999976,2550.9471093071656,145900.27151999992,264025.058,-0.0,162.43074750369303,162.43074750369303
400,1.0,-0.0,0.0,-0.0,1.0,128250.0,399784.294,92.340003,431.5233179281724,1.0,2550.947109307165,335.65099999999995,298.15,37.500999999999976,37.500999999999976,2550.9471093071656,145900.27151999992,264784.294,-0.0,162.43074750369303,162.43074750369303
401,1.0,-0.0,0.0,-0.0,1.0,128250.0,399792.04,92.340003,431.5233179281724,1.0,2703.6253281279323,330.649,298.15,32.499000000000024,32.499000000000024,2550.9471093071656,130536.52848000005,264792.04,-0.0,162.43074750369303,162.43074750369303
402,1.0,-0.0,0.0,0.0,1.0,128250.0,399765.543,90.99,431.5233179281724,1.0,2399.9655205753575,335.65099999999995,298.15,37.500999999999976,37.500999999999976,2552.643739396125,145900.27151999992,264765.543,-0.0,162.43074750369306,162.43074750369306
403,1.0,-0.0,0.0,0.0,1.0,128250.0,399743.487,90.99,431.5233179281724,1.0,2550.947109307165,335.65099999999995,298.15,37.500999999999976,37.500999999999976,2550.9471093071656,145900.27151999992,264743.487,-0.0,162.43074750369306,162.43074750369306
404,1.0,-0.0,0.0,0.0,1.0,128250.0,399783.792,90.99,431.5233179281724,1.0,2550.947109307165,335.65099999999995,298.15,37.500999999999976,37.500999999999976,2550.9471093071656,145900.27151999992,264783.792,-0.0,162.43074750369306,162.43074750369306
405,1.0,-0.0,0.0,0.0,1.0,128250.0,399783.811,90.99,431.5233179281724,1.0,2703.6253281279314,330.649,298.15,32.499000000000024,32.499000000000024,2550.9471093071656,130536.52848000005,264783.811,-0.0,162.43074750369306,162.43074750369306
406,1.0,-0.0,0.0,0.0,1.0,128250.0,399776.985,90.99,431.5233179281724,1.0,2552.6437393961246,330.649,298.15,32.499000000000024,32.499000000000024,2552.643739396125,130536.52848000005,264776.985,-0.0,162.43074750369306,162.43074750369306
407,1.0,-0.0,0.0,0.0,1.0,128250.0,399780.558,90.99,431.5233179281724,1.0,2399.9655205753575,335.65099999999995,298.15,37.500999999999976,37.500999999999976,2552.643739396125,145900.27151999992,264780.558,-0.0,162.430747503693,162.430747503693
408,1.0,-0.0,0.0,0.0,1.0,128250.0,399793.883,88.98,431.5233179281724,1.0,2550.947109307165,335.65099999999995,298.15,37.500999999999976,37.500999999999976,2550.9471093071656,145900.27151999992,264793.883,-0.0,162.43074750369306,162.43074750369306
409,1.0,-0.0,0.0,0.0,1.0,128250.0,399783.453,88.98,431.5233179281724,1.0,2550.947109307162,335.65099999999995,298.15,37.500999999999976,37.500999999999976,2550.9471093071656,145900.27151999992,264783.453,-0.0,162.4307475036929,162.4307475036929
410,1.0,-0.0,0.0,0.0,1.0,128250.0,399723.441,88.98,431.5233179281724,1.0,2550.947109307165,335.65099999999995,298.15,37.500999999999976,37.500999999999976,2550.9471093071656,145900.27151999992,264723.441,-0.0,162.43074750369306,162.43074750369306
411,1.0,-0.0,0.0,0.0,1.0,128250.0,399620.017,88.98,431.5233179281724,1.0,2550.947109307166,335.65099999999995,298.15,37.500999999999976,37.500999999999976,2550.9471093071656,145900.27151999992,264620.017,-0.0,162.43074750369306,162.43074750369306
412,1.0,-0.0,0.0,0.0,1.0,128250.0,399441.488,88.98,431.5233179281724,1.0,2550.947109307165,335.65099999999995,298.15,37.500999999999976,37.500999999999976,2550.9471093071656,145900.27151999992,264441.488,-0.0,162.43074750369306,162.43074750369306
413,1.0,-0.0,0.0,0.0,1.0,128250.0,398136.163,88.98,431.5233179281724,1.0,2703.564281259154,330.65099999999995,298.15,32.500999999999976,32.500999999999976,2550.9471093071656,130542.67151999992,263136.163,-0.0,162.43074750369306,162.43074750369306
414,1.0,-0.0,-0.0,0.0,1.0,128250.0,398875.498,78.96000000000001,426.81197613250845,1.0,2673.541783736696,330.65099999999995,298.15,32.500999999999976,32.500999999999976,2673.541783736695,130542.67151999992,263875.498,-0.0,132.83318607052482,132.83318607052482
415,1.0,-0.0,-0.0,0.0,1.0,128250.0,399201.838,78.96000000000001,426.81197613250845,1.0,2826.220002557461,325.649,298.15,27.499000000000024,27.499000000000024,2673.541783736695,115178.92848000006,264201.838,-0.0,132.8331860705248,132.8331860705248
416,1.0,-0.0,-0.0,0.0,1.0,128250.0,399774.871,78.96000000000001,426.81197613250845,1.0,2522.560195004887,330.65099999999995,298.15,32.500999999999976,32.500999999999976,2675.2384138256543,130542.67151999992,264774.871,-0.0,132.83318607052482,132.83318607052482
417,1.0,-0.0,-0.0,0.0,1.0,128250.0,399785.623,78.96000000000001,426.81197613250845,1.0,2826.220002557461,325.649,298.15,27.499000000000024,27.499000000000024,2673.541783736695,115178.92848000006,264785.623,-0.0,132.8331860705248,132.8331860705248
418,1.0,-0.0,-0.0,0.0,1.0,128250.0,399746.35,78.96000000000001,426.81197613250845,1.0,2522.5601950048867,330.65099999999995,298.15,32.500999999999976,32.500999999999976,2675.2384138256543,130542.67151999992,264746.35,-0.0,132.8331860705248,132.8331860705248
419,1.0,-0.0,-0.0,-0.0,1.0,128250.0,399714.548,78.96000000000001,426.81197613250845,1.0,2673.541783736694,330.65099999999995,298.15,32.500999999999976,32.500999999999976,2673.541783736695,130542.67151999992,264714.548,-0.0,132.83318607052482,132.83318607052482
420,1.0,-0.0,-0.0,0.0,1.0,128250.0,399026.708,78.30000000000001,426.81197613250845,1.0,2673.541783736695,330.65099999999995,298.15,32.500999999999976,32.500999999999976,2673.541783736695,130542.67151999992,264026.708,-0.0,132.83318607052482,132.83318607052482
421,1.0,-0.0,-0.0,0.0,1.0,128250.0,398866.561,78.30000000000001,426.81197613250845,1.0,2673.541783736694,330.65099999999995,298.15,32.500999999999976,32.500999999999976,2673.541783736695,130542.67151999992,263866.561,-0.0,132.8331860705248,132.8331860705248
422,1.0,-0.0,-0.0,0.0,1.0,128250.0,399112.986,78.30000000000001,426.81197613250845,1.0,2673.541783736695,330.65099999999995,298.15,32.500999999999976,32.500999999999976,2673.541783736695,130542.67151999992,264112.986,-0.0,132.8331860705248,132.8331860705248
423,1.0,-0.0,-0.0,0.0,1.0,128250.0,399782.802,78.30000000000001,426.81197613250845,1.0,2673.541783736695,330.65099999999995,298.15,32.500999999999976,32.500999999999976,2673.541783736695,130542.67151999992,264782.802,-0.0,132.8331860705248,132.8331860705248
424,1.0,-0.0,-0.0,0.0,1.0,128250.0,398745.989,78.30000000000001,426.81197613250845,1.0,2673.541783736694,330.65099999999995,298.15,32.500999999999976,32.500999999999976,2673.541783736695,130542.67151999992,263745.989,-0.0,132.8331860705248,132.8331860705248
425,1.0,-0.0,-0.0,0.0,1.0,128250.0,399786.096,78.30000000000001,426.81197613250845,1.0,2978.7761276406686,320.65099999999995,298.15,22.500999999999976,22.500999999999976,2673.541783736695,99827.47151999993,264786.096,-0.0,132.8331860705248,132.8331860705248
426,1.0,-0.0,-0.0,-0.0,1.0,128250.0,399641.311,35.01,417.263119516242,1.0,3073.4934989950298,315.649,298.15,17.499000000000024,17.499000000000024,2920.8152801742617,84463.72848000006,264641.311,-0.0,88.83208333508983,88.83208333508983
427,1.0,-0.0,-0.0,-0.0,1.0,128250.0,398151.639,35.01,417.263119516242,1.0,2769.8336914424535,320.65099999999995,298.15,22.500999999999976,22.500999999999976,2922.511910263221,99827.47151999993,263151.639,-0.0,88.83208333508983,88.83208333508983
428,1.0,-0.0,-0.0,0.0,1.0,128250.0,398505.588,35.01,417.263119516242,1.0,3073.493498995029,315.649,298.15,17.499000000000024,17.499000000000024,2920.8152801742617,84463.72848000006,263505.588,-0.0,88.83208333508986,88.83208333508986
429,1.0,-0.0,-0.0,-0.0,1.0,128250.0,379716.944,35.01,417.263119516242,1.0,2922.5119102632207,315.649,298.15,17.499000000000024,17.499000000000024,2922.511910263221,84463.72848000006,244716.94400000002,-0.0,88.83208333508983,88.83208333508983
430,1.0,-0.0,-0.0,-0.0,1.0,128250.0,350528.52,35.01,417.263119516242,1.0,2769.8336914424535,320.65099999999995,298.15,22.500999999999976,22.500999999999976,2922.511910263221,99827.47151999993,215528.52000000002,-0.0,88.83208333508983,88.83208333508983
431,1.0,-0.0,-0.0,0.0,1.0,128250.0,372884.309,35.01,417.263119516242,1.0,3073.493498995029,315.649,298.15,17.499000000000024,17.499000000000024,2920.8152801742617,84463.72848000006,237884.309,-0.0,88.83208333508986,88.83208333508986
432,1.0,-0.0,-0.0,-0.0,1.0,128250.0,388157.59,30.21,417.263119516242,1.0,2922.5119102632207,315.649,298.15,17.499000000000024,17.499000000000024,2922.511910263221,84463.72848000006,253157.59000000003,-0.0,88.83208333508983,88.83208333508983
433,1.0,-0.0,-0.0,-0.0,1.0,128250.0,395755.335,30.21,417.263119516242,1.0,2922.5119102632207,315.649,298.15,17.499000000000024,17.499000000000024,2922.511910263221,84463.72848000006,260755.33500000002,-0.0,88.83208333508983,88.83208333508983
434,1.0,-0.0,-0.0,-0.0,1.0,128250.0,396702.731,30.21,417.263119516242,1.0,2769.8336914424535,320.65099999999995,298.15,22.500999999999976,22.500999999999976,2922.511910263221,99827.47151999993,261702.73100000003,-0.0,88.83208333508983,88.83208333508983
435,1.0,-0.0,-0.0,0.0,1.0,128250.0,399420.449,30.21,417.263119516242,1.0,3073.493498995029,315.649,298.15,17.499000000000024,17.499000000000024,2920.8152801742617,84463.72848000006,264420.449,-0.0,88.83208333508986,88.83208333508986
436,1.0,-0.0,-0.0,0.0,1.0,128250.0,399635.725,30.21,417.263119516242,1.0,2922.5119102632198,315.649,298.15,17.499000000000024,17.499000000000024,2922.511910263221,84463.72848000006,264635.725,-0.0,88.83208333508986,88.83208333508986
437,1.0,-0.0,-0.0,0.0,1.0,128250.0,399785.859,30.21,417.263119516242,1.0,2922.5119102632198,315.649,298.15,17.499000000000024,17.499000000000024,2922.511910263221,84463.72848000006,264785.859,-0.0,88.83208333508986,88.83208333508986
438,1.0,-0.0,-0.0,-0.0,1.0,128250.0,399800.166,29.52,417.263119516242,1.0,2769.8336914424535,320.65099999999995,298.15,22.500999999999976,22.500999999999976,2922.511910263221,99827.47151999993,264800.166,-0.0,88.83208333508983,88.83208333508983
439,1.0,-0.0,-0.0,0.0,1.0,128250.0,399777.991,29.52,417.263119516242,1.0,3073.493498995029,315.649,298.15,17.499000000000024,17.499000000000024,2920.8152801742617,84463.72848000006,264777.991,-0.0,88.83208333508986,88.83208333508986
440,1.0,-0.0,-0.0,-0.0,1.0,128250.0,399713.863,29.52,417.263119516242,1.0,2922.5119102632207,315.649,298.15,17.499000000000024,17.499000000000024,2922.511910263221,84463.72848000006,264713.863,-0.0,88.83208333508983,88.83208333508983
441,1.0,-0.0,-0.0,-0.0,1.0,128250.0,399487.792,29.52,417.263119516242,1.0,2922.5119102632216,315.649,298.15,17.499000000000024,17.499000000000024,2922.511910263221,84463.72848000006,264487.792,-0.0,88.83208333508983,88.83208333508983
442,1.0,-0.0,-0.0,-0.0,1.0,128250.0,399650.202,29.52,417.263119516242,1.0,2769.8336914424535,320.65099999999995,298.15,22.500999999999976,22.500999999999976,2922.511910263221,99827.47151999993,264650.202,-0.0,88.83208333508983,88.83208333508983
443,1.0,-0.0,-0.0,0.0,1.0,128250.0,399781.556,29.52,417.263119516242,1.0,3119.2481271462348,314.15,298.15,16.0,16.0,2920.8152801742617,79859.51999999999,264781.556,-0.0,88.83208333508986,88.83208333508986
444,1.0,-0.0,-0.0,-0.0,1.0,128250.0,399787.228,23.79,412.40017956601946,1.0,3046.620175894521,314.15,298.15,16.0,16.0,3046.6201758945217,79859.51999999999,264787.228,-0.0,72.64269565646262,72.64269565646262
445,1.0,-0.0,-0.0,-0.0,1.0,128250.0,399793.209,23.79,412.40017956601946,1.0,3000.8045008745357,315.65099999999995,298.15,17.500999999999976,17.500999999999976,3046.6201758945217,84469.87151999993,264793.209,-0.0,72.64269565646262,72.64269565646262
446,1.0,-0.0,-0.0,0.0,1.0,128250.0,399785.468,23.79,412.40017956601946,1.0,3091.9267262116828,314.15,298.15,16.0,16.0,3046.1110511916972,79859.51999999999,264785.468,-0.0,72.64269565646259,72.64269565646259
447,1.0,-0.0,-0.0,-0.0,1.0,128250.0,399766.817,23.79,412.40017956601946,1.0,3046.620175894521,314.15,298.15,16.0,16.0,3046.6201758945217,79859.51999999999,264766.817,-0.0,72.64269565646262,72.64269565646262
448,1.0,-0.0,-0.0,-0.0,1.0,128250.0,399786.157,23.79,412.40017956601946,1.0,3046.620175894521,314.15,298.15,16.0,16.0,3046.6201758945217,79859.51999999999,264786.157,-0.0,72.64269565646262,72.64269565646262
449,1.0,-0.0,-0.0,-0.0,1.0,128250.0,399771.605,23.79,412.40017956601946,1.0,3000.8045008745357,315.65099999999995,298.15,17.500999999999976,17.500999999999976,3046.6201758945217,84469.87151999993,264771.605,-0.0,72.64269565646262,72.64269565646262
450,1.0,-0.0,-0.0,0.0,1.0,128250.0,399785.921,15.690000000000001,412.40017956601946,1.0,3091.926726211683,314.15,298.15,16.0,16.0,3046.1110511916972,79859.51999999999,264785.921,-0.0,72.64269565646265,72.64269565646265
451,1.0,-0.0,-0.0,-0.0,1.0,128250.0,399779.912,15.690000000000001,412.40017956601946,1.0,3046.620175894521,314.15,298.15,16.0,16.0,3046.6201758945217,79859.51999999999,264779.912,-0.0,72.64269565646262,72.64269565646262
452,1.0,-0.0,-0.0,-0.0,1.0,128250.0,399784.371,15.690000000000001,412.40017956601946,1.0,3046.620175894521,314.15,298.15,16.0,16.0,3046.6201758945217,79859.51999999999,264784.371,-0.0,72.64269565646262,72.64269565646262
453,1.0,-0.0,-0.0,-0.0,1.0,128250.0,399790.393,15.690000000000001,412.40017956601946,1.0,3046.620175894521,314.15,298.15,16.0,16.0,3046.6201758945217,79859.51999999999,264790.393,-0.0,72.64269565646262,72.64269565646262
454,1.0,-0.0,-0.0,-0.0,1.0,128250.0,399790.558,15.690000000000001,412.40017956601946,1.0,3000.8045008745357,315.65099999999995,298.15,17.500999999999976,17.500999999999976,3046.6201758945217,84469.87151999993,264790.558,-0.0,72.64269565646262,72.64269565646262
455,1.0,-0.0,-0.0,0.0,1.0,128250.0,399731.685,15.690000000000001,412.40017956601946,1.0,3091.926726211683,314.15,298.15,16.0,16.0,3046.1110511916972,79859.51999999999,264731.685,-0.0,72.64269565646265,72.64269565646265
456,1.0,-0.0,-0.0,-0.0,1.0,128250.0,399189.165,15.54,412.40017956601946,1.0,3000.8045008745357,315.65099999999995,298.15,17.500999999999976,17.500999999999976,3046.6201758945217,84469.87151999993,264189.165,-0.0,72.64269565646262,72.64269565646262
457,1.0,-0.0,-0.0,-0.0,1.0,128250.0,399666.278,15.54,412.40017956601946,1.0,3046.1110511916977,315.65099999999995,298.15,17.500999999999976,17.500999999999976,3046.1110511916972,84469.87151999993,264666.278,-0.0,72.64269565646262,72.64269565646262
458,1.0,-0.0,-0.0,0.0,1.0,128250.0,399704.087,15.54,412.40017956601946,1.0,3091.926726211683,314.15,298.15,16.0,16.0,3046.1110511916972,79859.51999999999,264704.087,-0.0,72.64269565646265,72.64269565646265
459,1.0,-0.0,-0.0,-0.0,1.0,128250.0,399775.879,15.54,412.40017956601946,1.0,3046.620175894521,314.15,298.15,16.0,16.0,3046.6201758945217,79859.51999999999,264775.879,-0.0,72.64269565646262,72.64269565646262
460,1.0,-0.0,-0.0,-0.0,1.0,128250.0,399759.546,15.54,412.40017956601946,1.0,3046.620175894521,314.15,298.15,16.0,16.0,3046.6201758945217,79859.51999999999,264759.546,-0.0,72.64269565646262,72.64269565646262
461,1.0,-0.0,-0.0,-0.0,1.0,128250.0,398920.707,15.54,412.40017956601946,1.0,3000.865547743315,315.649,298.15,17.499000000000024,17.499000000000024,3046.6201758945217,84463.72848000006,263920.707,-0.0,72.64269565646262,72.64269565646262
462,1.0,-0.0,-0.0,-0.0,1.0,128250.0,398187.934,26.880000000000003,417.263119516242,1.0,2922.5119102632207,315.649,298.15,17.499000000000024,17.499000000000024,2922.511910263221,84463.72848000006,263187.934,-0.0,88.83208333508983,88.83208333508983
463,1.0,-0.0,-0.0,-0.0,1.0,128250.0,393029.175,26.880000000000003,417.263119516242,1.0,2922.5119102632207,315.649,298.15,17.499000000000024,17.499000000000024,2922.511910263221,84463.72848000006,258029.175,-0.0,88.83208333508983,88.83208333508983
464,1.0,-0.0,-0.0,-0.0,1.0,128250.0,395345.076,26.880000000000003,417.263119516242,1.0,2769.8336914424535,320.65099999999995,298.15,22.500999999999976,22.500999999999976,2922.511910263221,99827.47151999993,260345.076,-0.0,88.83208333508983,88.83208333508983
465,1.0,-0.0,-0.0,0.0,1.0,128250.0,396786.439,26.880000000000003,417.263119516242,1.0,3073.493498995029,315.649,298.15,17.499000000000024,17.499000000000024,2920.8152801742617,84463.72848000006,261786.439,-0.0,88.83208333508986,88.83208333508986
466,1.0,-0.0,-0.0,0.0,1.0,128250.0,395791.273,26.880000000000003,417.263119516242,1.0,2922.5119102632198,315.649,298.15,17.499000000000024,17.499000000000024,2922.511910263221,84463.72848000006,260791.273,-0.0,88.83208333508986,88.83208333508986
467,1.0,-0.0,-0.0,-0.0,1.0,128250.0,396214.337,26.880000000000003,417.263119516242,1.0,2769.8336914424535,320.65099999999995,298.15,22.500999999999976,22.500999999999976,2922.511910263221,99827.47151999993,261214.337,-0.0,88.83208333508983,88.83208333508983
468,1.0,-0.0,-0.0,0.0,1.0,128250.0,390544.706,26.160000000000004,417.263119516242,1.0,3073.493498995029,315.649,298.15,17.499000000000024,17.499000000000024,2920.8152801742617,84463.72848000006,255544.706,-0.0,88.83208333508986,88.83208333508986
469,1.0,-0.0,-0.0,-0.0,1.0,128250.0,389793.328,26.160000000000004,417.263119516242,1.0,2769.8336914424535,320.65099999999995,298.15,22.500999999999976,22.500999999999976,2922.511910263221,99827.47151999993,254793.32799999998,-0.0,88.83208333508983,88.83208333508983
470,1.0,-0.0,-0.0,0.0,1.0,128250.0,390386.286,26.160000000000004,417.263119516242,1.0,3073.493498995029,315.649,298.15,17.499000000000024,17.499000000000024,2920.8152801742617,84463.72848000006,255386.28600000002,-0.0,88.83208333508986,88.83208333508986
471,1.0,-0.0,-0.0,-0.0,1.0,128250.0,396941.281,26.160000000000004,417.263119516242,1.0,2769.8336914424535,320.65099999999995,298.15,22.500999999999976,22.500999999999976,2922.511910263221,99827.47151999993,261941.28100000002,-0.0,88.83208333508983,88.83208333508983
472,1.0,-0.0,-0.0,0.0,1.0,128250.0,397377.572,26.160000000000004,417.263119516242,1.0,3073.493498995029,315.649,298.15,17.499000000000024,17.499000000000024,2920.8152801742617,84463.72848000006,262377.572,-0.0,88.83208333508986,88.83208333508986
473,1.0,-0.0,-0.0,-0.0,1.0,128250.0,399770.888,26.160000000000004,417.263119516242,1.0,2617.2165194904655,325.65099999999995,298.15,27.500999999999976,27.500999999999976,2922.511910263221,115185.07151999991,264770.888,-0.0,88.83208333508983,88.83208333508983
474,1.0,-0.0,-0.0,0.0,1.0,128250.0,399787.628,53.94,422.06291858792235,1.0,2796.7256650238387,325.65099999999995,298.15,27.500999999999976,27.500999999999976,2796.7256650238396,115185.07151999991,264787.628,-0.0,108.6277879215898,108.6277879215898
475,1.0,-0.0,-0.0,0.0,1.0,128250.0,399790.5,53.94,422.06291858792235,1.0,2796.7256650238387,325.65099999999995,298.15,27.500999999999976,27.500999999999976,2796.7256650238396,115185.07151999991,264790.5,-0.0,108.6277879215898,108.6277879215898
476,1.0,-0.0,-0.0,0.0,1.0,128250.0,399787.14,53.94,422.06291858792235,1.0,2949.403883844606,320.649,298.15,22.499000000000024,22.499000000000024,2796.7256650238396,99821.32848000007,264787.14,-0.0,108.6277879215898,108.6277879215898
477,1.0,-0.0,-0.0,-0.0,1.0,128250.0,399784.947,53.94,422.06291858792235,1.0,2645.7440762920314,325.65099999999995,298.15,27.500999999999976,27.500999999999976,2798.4222951127995,115185.07151999991,264784.947,-0.0,108.62778792158984,108.62778792158984
478,1.0,0.0,-0.0,0.0,1.0,128250.0,399778.668,53.94,422.06291858792235,1.0,2796.7256650238387,325.65099999999995,298.15,27.500999999999976,27.500999999999976,2796.7256650238396,115185.07151999991,264778.668,0.0,108.6277879215898,108.6277879215898
479,1.0,0.0,-0.0,0.0,1.0,128250.0,399791.209,53.94,422.06291858792235,1.0,2644.1084930718507,330.65099999999995,298.15,32.500999999999976,32.500999999999976,2796.7256650238396,130542.67151999992,264791.209,0.0,108.6277879215898,108.6277879215898
480,1.0,0.0,-0.0,0.0,1.0,128250.0,399795.322,81.330003,426.81197613250845,1.0,2673.541783736695,330.65099999999995,298.15,32.500999999999976,32.500999999999976,2673.541783736695,130542.67151999992,264795.322,0.0,132.83318607052482,132.83318607052482
481,1.0,0.0,-0.0,0.0,1.0,128250.0,399776.225,81.330003,426.81197613250845,1.0,2673.541783736694,330.65099999999995,298.15,32.500999999999976,32.500999999999976,2673.541783736695,130542.67151999992,264776.225,-0.0,132.83318607052482,132.83318607052482
482,1.0,0.0,-0.0,0.0,1.0,128250.0,399790.769,81.330003,426.81197613250845,1.0,2673.541783736693,330.65099999999995,298.15,32.500999999999976,32.500999999999976,2673.541783736695,130542.67151999992,264790.769,-0.0,132.83318607052482,132.83318607052482
483,1.0,0.0,-0.0,0.0,1.0,128250.0,399735.576,81.330003,426.81197613250845,1.0,2673.541783736694,330.65099999999995,298.15,32.500999999999976,32.500999999999976,2673.541783736695,130542.67151999992,264735.576,-0.0,132.83318607052485,132.83318607052485
484,1.0,0.0,-0.0,0.0,1.0,128250.0,399000.494,81.330003,426.81197613250845,1.0,2673.541783736694,330.65099999999995,298.15,32.500999999999976,32.500999999999976,2673.541783736695,130542.67151999992,264000.494,-0.0,132.83318607052482,132.83318607052482
485,1.0,0.0,-0.0,0.0,1.0,128250.0,397785.87,81.330003,426.81197613250845,1.0,2520.9246117847074,335.65099999999995,298.15,37.500999999999976,37.500999999999976,2673.541783736695,145900.27151999992,262785.87,-0.0,132.83318607052482,132.83318607052482
486,1.0,0.0,0.0,0.0,1.0,128250.0,399767.078,86.129997,431.5233179281724,1.0,2550.947109307167,335.65099999999995,298.15,37.500999999999976,37.500999999999976,2550.9471093071656,145900.27151999992,264767.078,-0.0,162.43074750369303,162.43074750369303
487,1.0,0.0,-0.0,-0.0,1.0,128250.0,398200.166,86.129997,431.5233179281724,1.0,2703.6253281279332,330.649,298.15,32.499000000000024,32.499000000000024,2550.9471093071656,130536.52848000005,263200.166,-0.0,162.43074750369303,162.43074750369303
488,1.0,0.0,-0.0,0.0,1.0,128250.0,395956.869,86.129997,431.5233179281724,1.0,2399.9655205753597,335.65099999999995,298.15,37.500999999999976,37.500999999999976,2552.643739396125,145900.27151999992,260956.869,-0.0,162.43074750369303,162.43074750369303
489,1.0,0.0,-0.0,-0.0,1.0,128250.0,390572.508,86.129997,431.5233179281724,1.0,2550.947109307168,335.65099999999995,298.15,37.500999999999976,37.500999999999976,2550.9471093071656,145900.27151999992,255572.50799999997,-0.0,162.43074750369303,162.43074750369303
490,1.0,0.0,-0.0,-0.0,1.0,128250.0,394499.118,86.129997,431.5233179281724,1.0,2703.6253281279332,330.649,298.15,32.499000000000024,32.499000000000024,2550.9471093071656,130536.52848000005,259499.11800000002,-0.0,162.43074750369303,162.43074750369303
491,1.0,0.0,-0.0,0.0,1.0,128250.0,397576.967,86.129997,431.5233179281724,1.0,2552.643739396125,330.649,298.15,32.499000000000024,32.499000000000024,2552.643739396125,130536.52848000005,262576.967,-0.0,162.43074750369303,162.43074750369303
492,1.0,0.0,0.0,0.0,1.0,128250.0,396914.731,86.73,431.5233179281724,1.0,2399.9655205753597,335.65099999999995,298.15,37.500999999999976,37.500999999999976,2552.643739396125,145900.27151999992,261914.73100000003,-0.0,162.43074750369303,162.43074750369303
493,1.0,0.0,0.0,0.0,1.0,128250.0,386740.331,86.73,431.5233179281724,1.0,2550.947109307166,335.65099999999995,298.15,37.500999999999976,37.500999999999976,2550.9471093071656,145900.27151999992,251740.331,-0.0,162.43074750369303,162.43074750369303
494,1.0,0.0,0.0,0.0,1.0,128250.0,388987.454,86.73,431.5233179281724,1.0,2550.947109307165,335.65099999999995,298.15,37.500999999999976,37.500999999999976,2550.9471093071656,145900.27151999992,253987.45400000003,-0.0,162.43074750369303,162.43074750369303
495,1.0,0.0,0.0,0.0,1.0,128250.0,378317.001,86.73,431.5233179281724,1.0,2550.947109307167,335.65099999999995,298.15,37.500999999999976,37.500999999999976,2550.9471093071656,145900.27151999992,243317.001,-0.0,162.43074750369303,162.43074750369303
496,1.0,0.0,0.0,0.0,1.0,128250.0,375457.084,86.73,431.5233179281724,1.0,2550.947109307165,335.65099999999995,298.15,37.500999999999976,37.500999999999976,2550.9471093071656,145900.27151999992,240457.08399999997,-0.0,162.43074750369303,162.43074750369303
497,1.0,0.0,0.0,0.0,1.0,128250.0,381090.475,86.73,431.5233179281724,1.0,2703.6253281279323,330.649,298.15,32.499000000000024,32.499000000000024,2550.9471093071656,130536.52848000005,246090.47499999998,-0.0,162.43074750369303,162.43074750369303
498,1.0,0.0,0.0,0.0,1.0,128250.0,386879.964,87.21000000000001,431.5233179281724,1.0,2552.643739396125,330.649,298.15,32.499000000000024,32.499000000000024,2552.643739396125,130536.52848000005,251879.96399999998,-0.0,162.43074750369303,162.43074750369303
499,1.0,0.0,0.0,0.0,1.0,128250.0,391775.515,87.21000000000001,431.5233179281724,1.0,2552.643739396125,330.649,298.15,32.499000000000024,32.499000000000024,2552.643739396125,130536.52848000005,256775.515,-0.0,162.43074750369303,162.43074750369303
500,1.0,0.0,0.0,0.0,1.0,128250.0,398657.389,87.21000000000001,431.5233179281724,1.0,2399.9655205753597,335.65099999999995,298.15,37.500999999999976,37.500999999999976,2552.643739396125,145900.27151999992,263657.389,-0.0,162.43074750369303,162.43074750369303
501,1.0,0.0,0.0,0.0,1.0,128250.0,398788.969,87.21000000000001,431.5233179281724,1.0,2550.947109307165,335.65099999999995,298.15,37.500999999999976,37.500999999999976,2550.9471093071656,145900.27151999992,263788.969,-0.0,162.43074750369303,162.43074750369303
502,1.0,0.0,0.0,0.0,1.0,128250.0,398706.427,87.21000000000001,431.5233179281724,1.0,2550.947109307167,335.65099999999995,298.15,37.500999999999976,37.500999999999976,2550.9471093071656,145900.27151999992,263706.427,-0.0,162.43074750369303,162.43074750369303
503,1.0,0.0,0.0,0.0,1.0,128250.0,399735.503,87.21000000000001,431.5233179281724,1.0,2550.947109307165,335.65099999999995,298.15,37.500999999999976,37.500999999999976,2550.9471093071656,145900.27151999992,264735.503,-0.0,162.43074750369303,162.43074750369303
504,1.0,0.0,0.0,0.0,1.0,128250.0,399759.315,87.600003,431.5233179281724,1.0,2703.6253281279323,330.649,298.15,32.499000000000024,32.499000000000024,2550.9471093071656,130536.52848000005,264759.315,-0.0,162.43074750369303,162.43074750369303
505,1.0,0.0,0.0,0.0,1.0,128250.0,399646.857,87.600003,431.5233179281724,1.0,2399.9655205753565,335.65099999999995,298.15,37.500999999999976,37.500999999999976,2552.643739396125,145900.27151999992,264646.857,-0.0,162.43074750369303,162.43074750369303
506,1.0,0.0,0.0,0.0,1.0,128250.0,398931.581,87.600003,431.5233179281724,1.0,2550.947109307167,335.65099999999995,298.15,37.500999999999976,37.500999999999976,2550.9471093071656,145900.27151999992,263931.581,-0.0,162.43074750369303,162.43074750369303
507,1.0,0.0,0.0,0.0,1.0,128250.0,398348.71,87.600003,431.5233179281724,1.0,2550.947109307165,335.65099999999995,298.15,37.500999999999976,37.500999999999976,2550.9471093071656,145900.27151999992,263348.71,-0.0,162.43074750369303,162.43074750369303
508,1.0,0.0,0.0,0.0,1.0,128250.0,397357.296,87.600003,431.5233179281724,1.0,2550.947109307166,335.65099999999995,298.15,37.500999999999976,37.500999999999976,2550.9471093071656,145900.27151999992,262357.296,-0.0,162.43074750369303,162.43074750369303
509,1.0,0.0,0.0,0.0,1.0,128250.0,389217.279,87.600003,431.5233179281724,1.0,2550.947109307167,335.65099999999995,298.15,37.500999999999976,37.500999999999976,2550.9471093071656,145900.27151999992,254217.27899999998,-0.0,162.43074750369303,162.43074750369303
510,1.0,0.0,0.0,0.0,1.0,128250.0,364967.611,87.600003,431.5233179281724,1.0,2550.947109307167,335.65099999999995,298.15,37.500999999999976,37.500999999999976,2550.9471093071656,145900.27151999992,229967.61099999998,-0.0,162.43074750369303,162.43074750369303
511,1.0,0.0,0.0,0.0,1.0,128250.0,360357.528,87.600003,431.5233179281724,1.0,2550.947109307165,335.65099999999995,298.15,37.500999999999976,37.500999999999976,2550.9471093071656,145900.27151999992,225357.528,-0.0,162.43074750369303,162.43074750369303
512,1.0,0.0,0.0,0.0,1.0,128250.0,369644.84,87.600003,431.5233179281724,1.0,2703.6253281279323,330.649,298.15,32.499000000000024,32.499000000000024,2550.9471093071656,130536.52848000005,234644.84000000003,-0.0,162.43074750369303,162.43074750369303
513,1.0,0.0,0.0,0.0,1.0,128250.0,369440.097,87.600003,431.5233179281724,1.0,2399.9655205753597,335.65099999999995,298.15,37.500999999999976,37.500999999999976,2552.643739396125,145900.27151999992,234440.097,-0.0,162.43074750369303,162.43074750369303
514,1.0,0.0,0.0,0.0,1.0,128250.0,361988.44,87.600003,431.5233179281724,1.0,2550.947109307165,335.65099999999995,298.15,37.500999999999976,37.500999999999976,2550.9471093071656,145900.27151999992,226988.44,-0.0,162.43074750369303,162.43074750369303
515,1.0,0.0,0.0,0.0,1.0,128250.0,365202.618,87.600003,431.5233179281724,1.0,2703.6253281279323,330.649,298.15,32.499000000000024,32.499000000000024,2550.9471093071656,130536.52848000005,230202.61800000002,-0.0,162.43074750369303,162.43074750369303
516,1.0,0.0,0.0,0.0,1.0,128250.0,371965.674,88.05000000000001,431.5233179281724,1.0,2399.9655205753575,335.65099999999995,298.15,37.500999999999976,37.500999999999976,2552.643739396125,145900.27151999992,236965.674,-0.0,162.43074750369303,162.43074750369303
517,1.0,0.0,0.0,0.0,1.0,128250.0,379928.347,88.05000000000001,431.5233179281724,1.0,2550.947109307165,335.65099999999995,298.15,37.500999999999976,37.500999999999976,2550.9471093071656,145900.27151999992,244928.347,-0.0,162.43074750369303,162.43074750369303
518,1.0,0.0,0.0,0.0,1.0,128250.0,384266.066,88.05000000000001,431.5233179281724,1.0,2550.947109307165,335.65099999999995,298.15,37.500999999999976,37.500999999999976,2550.9471093071656,145900.27151999992,249266.066,-0.0,162.43074750369303,162.43074750369303
519,1.0,0.0,0.0,0.0,1.0,128250.0,381726.8491,88.05000000000001,431.5233179281724,1.0,2550.947109307165,335.65099999999995,298.15,37.500999999999976,37.500999999999976,2550.9471093071656,145900.27151999992,246726.8491,-0.0,162.43074750369303,162.43074750369303
520,1.0,0.0,0.0,0.0,1.0,128250.0,381233.691,88.05000000000001,431.5233179281724,1.0,2550.947109307165,335.65099999999995,298.15,37.500999999999976,37.500999999999976,2550.9471093071656,145900.27151999992,246233.691,-0.0,162.43074750369303,162.43074750369303
521,1.0,0.0,0.0,0.0,1.0,128250.0,377494.7188,88.05000000000001,431.5233179281724,1.0,2550.947109307165,335.65099999999995,298.15,37.500999999999976,37.500999999999976,2550.9471093071656,145900.27151999992,242494.71879999997,-0.0,162.43074750369303,162.43074750369303
522,1.0,0.0,0.0,0.0,1.0,128250.0,370686.723,89.03999999999999,431.5233179281724,1.0,2703.6253281279323,330.649,298.15,32.499000000000024,32.499000000000024,2550.9471093071656,130536.52848000005,235686.723,-0.0,162.43074750369303,162.43074750369303
523,1.0,0.0,0.0,0.0,1.0,128250.0,369930.236,89.03999999999999,431.5233179281724,1.0,2552.6437393961246,330.649,298.15,32.499000000000024,32.499000000000024,2552.643739396125,130536.52848000005,234930.23599999998,-0.0,162.43074750369303,162.43074750369303
524,1.0,0.0,0.0,0.0,1.0,128250.0,373635.023,89.03999999999999,431.5233179281724,1.0,2552.6437393961246,330.649,298.15,32.499000000000024,32.499000000000024,2552.643739396125,130536.52848000005,238635.023,-0.0,162.43074750369303,162.43074750369303
525,1.0,0.0,0.0,0.0,1.0,128250.0,374798.9239,89.03999999999999,431.5233179281724,1.0,2399.9655205753575,335.65099999999995,298.15,37.500999999999976,37.500999999999976,2552.643739396125,145900.27151999992,239798.9239,-0.0,162.43074750369303,162.43074750369303
526,1.0,0.0,0.0,0.0,1.0,128250.0,377442.766,89.03999999999999,431.5233179281724,1.0,2550.947109307165,335.65099999999995,298.15,37.500999999999976,37.500999999999976,2550.9471093071656,145900.27151999992,242442.766,-0.0,162.43074750369303,162.43074750369303
527,1.0,0.0,0.0,0.0,1.0,128250.0,374331.781,89.03999999999999,431.5233179281724,1.0,2703.6253281279323,330.649,298.15,32.499000000000024,32.499000000000024,2550.9471093071656,130536.52848000005,239331.78100000002,-0.0,162.43074750369303,162.43074750369303
528,1.0,0.0,0.0,0.0,1.0,128250.0,370350.27,90.929997,431.5233179281724,1.0,2552.6437393961246,330.649,298.15,32.499000000000024,32.499000000000024,2552.643739396125,130536.52848000005,235350.27000000002,-0.0,162.43074750369303,162.43074750369303
529,1.0,0.0,0.0,0.0,1.0,128250.0,367147.023,90.929997,431.5233179281724,1.0,2399.9655205753575,335.65099999999995,298.15,37.500999999999976,37.500999999999976,2552.643739396125,145900.27151999992,232147.023,-0.0,162.43074750369303,162.43074750369303
530,1.0,0.0,0.0,0.0,1.0,128250.0,360043.069,90.929997,431.5233179281724,1.0,2703.6253281279323,330.649,298.15,32.499000000000024,32.499000000000024,2550.9471093071656,130536.52848000005,225043.06900000002,-0.0,162.43074750369303,162.43074750369303
531,1.0,0.0,0.0,0.0,1.0,128250.0,336559.8005,90.929997,431.5233179281724,1.0,2399.9655205753575,335.65099999999995,298.15,37.500999999999976,37.500999999999976,2552.643739396125,145900.27151999992,201559.8005,-0.0,162.43074750369303,162.43074750369303
532,1.0,0.0,0.0,0.0,1.0,128250.0,331031.595,90.929997,431.5233179281724,1.0,2703.6253281279323,330.649,298.15,32.499000000000024,32.499000000000024,2550.9471093071656,130536.52848000005,196031.59499999997,-0.0,162.43074750369303,162.43074750369303
533,1.0,0.0,0.0,0.0,1.0,128250.0,329677.132,90.929997,431.5233179281724,1.0,2552.6437393961246,330.649,298.15,32.499000000000024,32.499000000000024,2552.643739396125,130536.52848000005,194677.13199999998,-0.0,162.43074750369303,162.43074750369303
534,1.0,0.0,-0.0,0.0,1.0,128250.0,293167.8516,91.98,431.5233179281724,1.0,2399.9655205753575,335.65099999999995,298.15,37.500999999999976,37.500999999999976,2552.643739396125,145900.27151999992,158167.8516,-0.0,162.43074750369303,162.43074750369303
535,1.0,0.0,-0.0,0.0,1.0,128250.0,281668.9039,91.98,431.5233179281724,1.0,2550.947109307165,335.65099999999995,298.15,37.500999999999976,37.500999999999976,2550.9471093071656,145900.27151999992,146668.90389999998,-0.0,162.43074750369303,162.43074750369303
536,1.0,0.0,-0.0,0.0,1.0,128250.0,293227.0834,91.98,431.5233179281724,1.0,2703.6253281279323,330.649,298.15,32.499000000000024,32.499000000000024,2550.9471093071656,130536.52848000005,158227.0834,-0.0,162.43074750369306,162.43074750369306
537,1.0,0.0,0.0,-0.0,1.0,128250.0,308781.4605,91.98,431.5233179281724,1.0,2552.6437393961246,330.649,298.15,32.499000000000024,32.499000000000024,2552.643739396125,130536.52848000005,173781.4605,-0.0,162.43074750369303,162.43074750369303
538,1.0,0.0,-0.0,0.0,1.0,128250.0,326389.146,91.98,431.5233179281724,1.0,2399.9655205753575,335.65099999999995,298.15,37.500999999999976,37.500999999999976,2552.643739396125,145900.27151999992,191389.146,-0.0,162.430747503693,162.430747503693
539,1.0,0.0,-0.0,0.0,1.0,128250.0,323594.677,91.98,431.5233179281724,1.0,2703.6253281279323,330.649,298.15,32.499000000000024,32.499000000000024,2550.9471093071656,130536.52848000005,188594.67700000003,-0.0,162.43074750369303,162.43074750369303
540,1.0,0.0,-0.0,0.0,1.0,128250.0,326868.9402,91.350003,431.5233179281724,1.0,2552.6437393961246,330.649,298.15,32.499000000000024,32.499000000000024,2552.643739396125,130536.52848000005,191868.9402,-0.0,162.430747503693,162.430747503693
541,1.0,0.0,-0.0,0.0,1.0,128250.0,332261.443,91.350003,431.5233179281724,1.0,2552.6437393961246,330.649,298.15,32.499000000000024,32.499000000000024,2552.643739396125,130536.52848000005,197261.44300000003,-0.0,162.43074750369306,162.43074750369306
542,1.0,0.0,-0.0,0.0,1.0,128250.0,338698.518,91.350003,431.5233179281724,1.0,2552.6437393961246,330.649,298.15,32.499000000000024,32.499000000000024,2552.643739396125,130536.52848000005,203698.51799999998,-0.0,162.430747503693,162.430747503693
543,1.0,0.0,-0.0,0.0,1.0,128250.0,326548.9839,91.350003,431.5233179281724,1.0,2552.6437393961246,330.649,298.15,32.499000000000024,32.499000000000024,2552.643739396125,130536.52848000005,191548.9839,-0.0,162.430747503693,162.430747503693
544,1.0,0.0,0.0,0.0,1.0,128250.0,326041.369,91.350003,431.5233179281724,1.0,2552.6437393961246,330.649,298.15,32.499000000000024,32.499000000000024,2552.643739396125,130536.52848000005,191041.369,-0.0,162.43074750369303,162.43074750369303
545,1.0,0.0,-0.0,0.0,1.0,128250.0,301131.905,91.350003,431.5233179281724,1.0,2399.9655205753575,335.65099999999995,298.15,37.500999999999976,37.500999999999976,2552.643739396125,145900.27151999992,166131.90500000003,-0.0,162.430747503693,162.430747503693
546,1.0,0.0,0.0,0.0,1.0,128250.0,268222.242,89.78999999999999,431.5233179281724,1.0,2550.947109307165,335.65099999999995,298.15,37.500999999999976,37.500999999999976,2550.9471093071656,145900.27151999992,133222.24200000003,-0.0,162.43074750369303,162.43074750369303
547,1.0,0.0,0.0,0.0,1.0,128250.0,251806.333,89.78999999999999,431.5233179281724,1.0,2550.947109307165,335.65099999999995,298.15,37.500999999999976,37.500999999999976,2550.9471093071656,145900.27151999992,116806.33300000001,-0.0,162.43074750369303,162.43074750369303
548,1.0,0.0,0.0,0.0,1.0,128250.0,245065.9517,89.78999999999999,431.5233179281724,1.0,2550.947109307165,335.65099999999995,298.15,37.500999999999976,37.500999999999976,2550.9471093071656,145900.27151999992,110065.9517,-0.0,162.430747503693,162.430747503693
549,1.0,0.0,0.0,0.0,1.0,128250.0,256248.44,89.78999999999999,431.5233179281724,1.0,2550.947109307165,335.65099999999995,298.15,37.500999999999976,37.500999999999976,2550.9471093071656,145900.27151999992,121248.44,-0.0,162.43074750369303,162.43074750369303
550,1.0,0.0,0.0,0.0,1.0,128250.0,248074.7604,89.78999999999999,431.5233179281724,1.0,2550.947109307165,335.65099999999995,298.15,37.500999999999976,37.500999999999976,2550.9471093071656,145900.27151999992,113074.7604,-0.0,162.43074750369303,162.43074750369303
551,1.0,0.0,0.0,0.0,1.0,128250.0,245493.6821,89.78999999999999,431.5233179281724,1.0,2550.947109307165,335.65099999999995,298.15,37.500999999999976,37.500999999999976,2550.9471093071656,145900.27151999992,110493.6821,-0.0,162.430747503693,162.430747503693
552,1.0,0.0,0.0,0.0,1.0,128250.0,258528.4765,86.429997,431.5233179281724,1.0,2550.947109307168,335.65099999999995,298.15,37.500999999999976,37.500999999999976,2550.9471093071656,145900.27151999992,123528.47649999999,-0.0,162.43074750369303,162.43074750369303
553,1.0,0.0,-0.0,0.0,1.0,128250.0,261197.332,86.429997,431.5233179281724,1.0,2550.947109307166,335.65099999999995,298.15,37.500999999999976,37.500999999999976,2550.9471093071656,145900.27151999992,126197.332,-0.0,162.43074750369303,162.43074750369303
554,1.0,0.0,0.0,0.0,1.0,128250.0,257509.688,86.429997,431.5233179281724,1.0,2703.6253281279323,330.649,298.15,32.499000000000024,32.499000000000024,2550.9471093071656,130536.52848000005,122509.688,-0.0,162.43074750369303,162.43074750369303
555,1.0,0.0,0.0,0.0,1.0,128250.0,242473.861,86.429997,431.5233179281724,1.0,2399.9655205753575,335.65099999999995,298.15,37.500999999999976,37.500999999999976,2552.643739396125,145900.27151999992,107473.861,-0.0,162.43074750369303,162.43074750369303
556,1.0,0.0,-0.0,0.0,1.0,128250.0,250350.252,86.429997,431.5233179281724,1.0,2550.947109307165,335.65099999999995,298.15,37.500999999999976,37.500999999999976,2550.9471093071656,145900.27151999992,115350.25200000001,-0.0,162.43074750369303,162.43074750369303
557,1.0,0.0,0.0,0.0,1.0,128250.0,246064.251,86.429997,431.5233179281724,1.0,2703.564281259153,330.65099999999995,298.15,32.500999999999976,32.500999999999976,2550.9471093071656,130542.67151999992,111064.25099999999,-0.0,162.43074750369303,162.43074750369303
558,1.0,0.0,0.0,0.0,1.0,128250.0,224054.524,85.679997,426.81197613250845,1.0,2826.2200025574602,325.649,298.15,27.499000000000024,27.499000000000024,2673.541783736695,115178.92848000006,89054.524,-0.0,132.83318607052482,132.83318607052482
559,1.0,0.0,0.0,0.0,1.0,128250.0,219977.152,85.679997,426.81197613250845,1.0,2522.560195004887,330.65099999999995,298.15,32.500999999999976,32.500999999999976,2675.2384138256543,130542.67151999992,84977.152,-0.0,132.83318607052482,132.83318607052482
560,1.0,0.0,-0.0,0.0,1.0,128250.0,217458.0785,85.679997,426.81197613250845,1.0,2673.541783736695,330.65099999999995,298.15,32.500999999999976,32.500999999999976,2673.541783736695,130542.67151999992,82458.0785,-0.0,132.83318607052482,132.83318607052482
561,1.0,0.0,-0.0,0.0,1.0,128250.0,230846.2582,85.679997,426.81197613250845,1.0,2673.541783736693,330.65099999999995,298.15,32.500999999999976,32.500999999999976,2673.541783736695,130542.67151999992,95846.25820000001,-0.0,132.83318607052482,132.83318607052482
562,1.0,0.0,-0.0,0.0,1.0,128250.0,250701.987,85.679997,426.81197613250845,1.0,2673.541783736693,330.65099999999995,298.15,32.500999999999976,32.500999999999976,2673.541783736695,130542.67151999992,115701.987,-0.0,132.83318607052482,132.83318607052482
563,1.0,0.0,-0.0,0.0,1.0,128250.0,259978.464,85.679997,426.81197613250845,1.0,2673.541783736693,330.65099999999995,298.15,32.500999999999976,32.500999999999976,2673.541783736695,130542.67151999992,124978.464,-0.0,132.83318607052482,132.83318607052482
564,1.0,0.0,-0.0,0.0,1.0,128250.0,244930.921,84.929997,426.81197613250845,1.0,2673.541783736693,330.65099999999995,298.15,32.500999999999976,32.500999999999976,2673.541783736695,130542.67151999992,109930.921,-0.0,132.83318607052482,132.83318607052482
565,1.0,0.0,-0.0,0.0,1.0,128250.0,225255.1977,84.929997,426.81197613250845,1.0,2673.541783736694,330.65099999999995,298.15,32.500999999999976,32.500999999999976,2673.541783736695,130542.67151999992,90255.19769999999,-0.0,132.83318607052482,132.83318607052482
566,1.0,0.0,0.0,0.0,1.0,128250.0,223461.3147,84.929997,426.81197613250845,1.0,2673.541783736694,330.65099999999995,298.15,32.500999999999976,32.500999999999976,2673.541783736695,130542.67151999992,88461.31469999999,-0.0,132.83318607052482,132.83318607052482
567,1.0,0.0,-0.0,0.0,1.0,128250.0,226204.3973,84.929997,426.81197613250845,1.0,2673.541783736694,330.65099999999995,298.15,32.500999999999976,32.500999999999976,2673.541783736695,130542.67151999992,91204.39730000001,-0.0,132.83318607052482,132.83318607052482
568,1.0,0.0,-0.0,0.0,1.0,128250.0,253621.0078,84.929997,426.81197613250845,1.0,2673.541783736694,330.65099999999995,298.15,32.500999999999976,32.500999999999976,2673.541783736695,130542.67151999992,118621.00779999999,-0.0,132.83318607052482,132.83318607052482
569,1.0,0.0,-0.0,0.0,1.0,128250.0,276213.498,84.929997,426.81197613250845,1.0,2673.541783736694,330.65099999999995,298.15,32.500999999999976,32.500999999999976,2673.541783736695,130542.67151999992,141213.49800000002,-0.0,132.83318607052482,132.83318607052482
570,1.0,-0.0,-0.0,0.0,1.0,128250.0,273428.3595,66.72,426.81197613250845,1.0,2826.220002557462,325.649,298.15,27.499000000000024,27.499000000000024,2673.541783736695,115178.92848000006,138428.35950000002,-0.0,132.8331860705248,132.8331860705248
571,1.0,-0.0,-0.0,-0.0,1.0,128250.0,276387.0049,66.72,426.81197613250845,1.0,2675.238413825655,325.649,298.15,27.499000000000024,27.499000000000024,2675.2384138256543,115178.92848000006,141387.0049,-0.0,132.83318607052482,132.83318607052482
572,1.0,-0.0,-0.0,-0.0,1.0,128250.0,283382.5537,66.72,426.81197613250845,1.0,2675.238413825655,325.649,298.15,27.499000000000024,27.499000000000024,2675.2384138256543,115178.92848000006,148382.5537,-0.0,132.83318607052482,132.83318607052482
573,1.0,-0.0,-0.0,-0.0,1.0,128250.0,308957.3142,66.72,426.81197613250845,1.0,2675.238413825655,325.649,298.15,27.499000000000024,27.499000000000024,2675.2384138256543,115178.92848000006,173957.31420000002,-0.0,132.83318607052482,132.83318607052482
574,1.0,-0.0,-0.0,-0.0,1.0,128250.0,318312.8416,66.72,426.81197613250845,1.0,2675.238413825655,325.649,298.15,27.499000000000024,27.499000000000024,2675.2384138256543,115178.92848000006,183312.84159999999,-0.0,132.83318607052482,132.83318607052482
575,1.0,-0.0,-0.0,-0.0,1.0,128250.0,313845.409,66.72,426.81197613250845,1.0,2675.238413825655,325.649,298.15,27.499000000000024,27.499000000000024,2675.2384138256543,115178.92848000006,178845.40899999999,-0.0,132.83318607052482,132.83318607052482
576,1.0,-0.0,-0.0,-0.0,1.0,128250.0,330389.91,59.760000000000005,426.81197613250845,1.0,2675.238413825655,325.649,298.15,27.499000000000024,27.499000000000024,2675.2384138256543,115178.92848000006,195389.90999999997,-0.0,132.83318607052482,132.83318607052482
577,1.0,-0.0,-0.0,-0.0,1.0,128250.0,331105.214,59.760000000000005,426.81197613250845,1.0,2675.238413825655,325.649,298.15,27.499000000000024,27.499000000000024,2675.2384138256543,115178.92848000006,196105.21399999998,-0.0,132.83318607052482,132.83318607052482
578,1.0,-0.0,-0.0,-0.0,1.0,128250.0,347691.688,59.760000000000005,426.81197613250845,1.0,2675.238413825655,325.649,298.15,27.499000000000024,27.499000000000024,2675.2384138256543,115178.92848000006,212691.68800000002,-0.0,132.83318607052482,132.83318607052482
579,1.0,-0.0,-0.0,-0.0,1.0,128250.0,371759.219,59.760000000000005,426.81197613250845,1.0,2675.238413825655,325.649,298.15,27.499000000000024,27.499000000000024,2675.2384138256543,115178.92848000006,236759.21899999998,-0.0,132.83318607052482,132.83318607052482
580,1.0,-0.0,-0.0,-0.0,1.0,128250.0,387874.374,59.760000000000005,426.81197613250845,1.0,2675.238413825655,325.649,298.15,27.499000000000024,27.499000000000024,2675.2384138256543,115178.92848000006,252874.374,-0.0,132.83318607052482,132.83318607052482
581,1.0,-0.0,-0.0,-0.0,1.0,128250.0,391797.153,59.760000000000005,426.81197613250845,1.0,2827.855585777643,320.649,298.15,22.499000000000024,22.499000000000024,2675.2384138256543,99821.32848000007,256797.153,-0.0,132.83318607052482,132.83318607052482
582,1.0,-0.0,-0.0,-0.0,1.0,128250.0,394590.038,44.19,422.06291858792235,1.0,2798.4222951127986,320.649,298.15,22.499000000000024,22.499000000000024,2798.4222951127995,99821.32848000007,259590.038,-0.0,108.62778792158984,108.62778792158984
583,1.0,-0.0,-0.0,-0.0,1.0,128250.0,395882.227,44.19,422.06291858792235,1.0,2798.4222951127986,320.649,298.15,22.499000000000024,22.499000000000024,2798.4222951127995,99821.32848000007,260882.227,-0.0,108.62778792158984,108.62778792158984
584,1.0,-0.0,-0.0,-0.0,1.0,128250.0,396181.806,44.19,422.06291858792235,1.0,2798.4222951127986,320.649,298.15,22.499000000000024,22.499000000000024,2798.4222951127995,99821.32848000007,261181.80599999998,-0.0,108.62778792158984,108.62778792158984
585,1.0,-0.0,-0.0,-0.0,1.0,128250.0,396168.049,44.19,422.06291858792235,1.0,2798.4222951127986,320.649,298.15,22.499000000000024,22.499000000000024,2798.4222951127995,99821.32848000007,261168.049,-0.0,108.62778792158984,108.62778792158984
586,1.0,-0.0,-0.0,-0.0,1.0,128250.0,396174.361,44.19,422.06291858792235,1.0,2798.4222951127986,320.649,298.15,22.499000000000024,22.499000000000024,2798.4222951127995,99821.32848000007,261174.36099999998,-0.0,108.62778792158984,108.62778792158984
587,1.0,-0.0,-0.0,-0.0,1.0,128250.0,396157.202,44.19,422.06291858792235,1.0,2798.4222951127986,320.649,298.15,22.499000000000024,22.499000000000024,2798.4222951127995,99821.32848000007,261157.202,-0.0,108.62778792158984,108.62778792158984
588,1.0,-0.0,-0.0,-0.0,1.0,128250.0,396189.08,40.05,422.06291858792235,1.0,2798.4222951127986,320.649,298.15,22.499000000000024,22.499000000000024,2798.4222951127995,99821.32848000007,261189.08000000002,-0.0,108.62778792158984,108.62778792158984
589,1.0,-0.0,-0.0,-0.0,1.0,128250.0,396192.09,40.05,422.06291858792235,1.0,2798.4222951127986,320.649,298.15,22.499000000000024,22.499000000000024,2798.4222951127995,99821.32848000007,261192.09000000003,-0.0,108.62778792158984,108.62778792158984
590,1.0,-0.0,-0.0,-0.0,1.0,128250.0,395934.734,40.05,422.06291858792235,1.0,2798.4222951127986,320.649,298.15,22.499000000000024,22.499000000000024,2798.4222951127995,99821.32848000007,260934.734,-0.0,108.62778792158984,108.62778792158984
591,1.0,-0.0,-0.0,-0.0,1.0,128250.0,393937.538,40.05,422.06291858792235,1.0,2798.4222951127986,320.649,298.15,22.499000000000024,22.499000000000024,2798.4222951127995,99821.32848000007,258937.538,-0.0,108.62778792158984,108.62778792158984
592,1.0,-0.0,-0.0,-0.0,1.0,128250.0,394636.027,40.05,422.06291858792235,1.0,2798.4222951127986,320.649,298.15,22.499000000000024,22.499000000000024,2798.4222951127995,99821.32848000007,259636.027,-0.0,108.62778792158984,108.62778792158984
593,1.0,-0.0,-0.0,-0.0,1.0,128250.0,394847.676,40.05,422.06291858792235,1.0,2951.0394670647865,315.649,298.15,17.499000000000024,17.499000000000024,2798.4222951127995,84463.72848000006,259847.67599999998,-0.0,108.62778792158984,108.62778792158984
594,1.0,-0.0,-0.0,-0.0,1.0,128250.0,395963.0,32.88,417.263119516242,1.0,2922.5119102632207,315.649,298.15,17.499000000000024,17.499000000000024,2922.511910263221,84463.72848000006,260963.0,-0.0,88.83208333508983,88.83208333508983
595,1.0,-0.0,-0.0,-0.0,1.0,128250.0,395930.224,32.88,417.263119516242,1.0,2922.5119102632207,315.649,298.15,17.499000000000024,17.499000000000024,2922.511910263221,84463.72848000006,260930.224,-0.0,88.83208333508983,88.83208333508983
596,1.0,-0.0,-0.0,-0.0,1.0,128250.0,395806.515,32.88,417.263119516242,1.0,2922.5119102632207,315.649,298.15,17.499000000000024,17.499000000000024,2922.511910263221,84463.72848000006,260806.515,-0.0,88.83208333508983,88.83208333508983
597,1.0,-0.0,-0.0,-0.0,1.0,128250.0,395960.152,32.88,417.263119516242,1.0,2922.5119102632207,315.649,298.15,17.499000000000024,17.499000000000024,2922.511910263221,84463.72848000006,260960.152,-0.0,88.83208333508983,88.83208333508983
598,1.0,-0.0,-0.0,-0.0,1.0,128250.0,395937.029,32.88,417.263119516242,1.0,2922.5119102632207,315.649,298.15,17.499000000000024,17.499000000000024,2922.511910263221,84463.72848000006,260937.02899999998,-0.0,88.83208333508983,88.83208333508983
599,1.0,-0.0,-0.0,-0.0,1.0,128250.0,396139.479,32.88,417.263119516242,1.0,2464.5993475384776,330.65099999999995,298.15,32.500999999999976,32.500999999999976,2922.511910263221,130542.67151999992,261139.479,-0.0,88.83208333508983,88.83208333508983
600,1.0,-0.0,-0.0,0.0,1.0,128250.0,395994.775,76.11000299999999,426.81197613250845,1.0,2673.5417837366954,330.65099999999995,298.15,32.500999999999976,32.500999999999976,2673.541783736695,130542.67151999992,260994.77500000002,-0.0,132.83318607052485,132.83318607052485
601,1.0,-0.0,-0.0,-0.0,1.0,128250.0,396175.811,76.11000299999999,426.81197613250845,1.0,2673.541783736693,330.65099999999995,298.15,32.500999999999976,32.500999999999976,2673.541783736695,130542.67151999992,261175.811,-0.0,132.83318607052485,132.83318607052485
602,1.0,-0.0,-0.0,0.0,1.0,128250.0,396184.229,76.11000299999999,426.81197613250845,1.0,2673.541783736693,330.65099999999995,298.15,32.500999999999976,32.500999999999976,2673.541783736695,130542.67151999992,261184.229,-0.0,132.83318607052485,132.83318607052485
603,1.0,-0.0,-0.0,0.0,1.0,128250.0,396184.907,76.11000299999999,426.81197613250845,1.0,2673.541783736693,330.65099999999995,298.15,32.500999999999976,32.500999999999976,2673.541783736695,130542.67151999992,261184.907,-0.0,132.83318607052485,132.83318607052485
604,1.0,-0.0,-0.0,0.0,1.0,128250.0,396184.634,76.11000299999999,426.81197613250845,1.0,2673.541783736694,330.65099999999995,298.15,32.500999999999976,32.500999999999976,2673.541783736695,130542.67151999992,261184.63400000002,-0.0,132.83318607052485,132.83318607052485
605,1.0,-0.0,-0.0,-0.0,1.0,128250.0,396146.818,76.11000299999999,426.81197613250845,1.0,2673.541783736693,330.65099999999995,298.15,32.500999999999976,32.500999999999976,2673.541783736695,130542.67151999992,261146.81800000003,-0.0,132.83318607052485,132.83318607052485
606,1.0,-0.0,-0.0,0.0,1.0,128250.0,396179.806,77.19,426.81197613250845,1.0,2673.541783736695,330.65099999999995,298.15,32.500999999999976,32.500999999999976,2673.541783736695,130542.67151999992,261179.80599999998,-0.0,132.83318607052485,132.83318607052485
607,1.0,-0.0,-0.0,0.0,1.0,128250.0,395961.266,77.19,426.81197613250845,1.0,2673.541783736694,330.65099999999995,298.15,32.500999999999976,32.500999999999976,2673.541783736695,130542.67151999992,260961.266,-0.0,132.83318607052485,132.83318607052485
608,1.0,-0.0,-0.0,0.0,1.0,128250.0,394158.139,77.19,426.81197613250845,1.0,2673.541783736695,330.65099999999995,298.15,32.500999999999976,32.500999999999976,2673.541783736695,130542.67151999992,259158.13900000002,-0.0,132.83318607052482,132.83318607052482
609,1.0,-0.0,-0.0,0.0,1.0,128250.0,395267.156,77.19,426.81197613250845,1.0,2673.541783736694,330.65099999999995,298.15,32.500999999999976,32.500999999999976,2673.541783736695,130542.67151999992,260267.15600000002,-0.0,132.83318607052485,132.83318607052485
610,1.0,-0.0,-0.0,0.0,1.0,128250.0,393077.011,77.19,426.81197613250845,1.0,2673.541783736694,330.65099999999995,298.15,32.500999999999976,32.500999999999976,2673.541783736695,130542.67151999992,258077.011,-0.0,132.83318607052485,132.83318607052485
611,1.0,-0.0,-0.0,0.0,1.0,128250.0,394636.636,77.19,426.81197613250845,1.0,2673.6028306054745,330.649,298.15,32.499000000000024,32.499000000000024,2673.541783736695,130536.52848000005,259636.636,-0.0,132.83318607052482,132.83318607052482
612,1.0,0.0,-0.0,0.0,1.0,128250.0,387648.37,83.159997,431.5233179281724,1.0,2552.643739396124,330.649,298.15,32.499000000000024,32.499000000000024,2552.643739396125,130536.52848000005,252648.37,0.0,162.43074750369254,162.43074750369254
613,1.0,0.0,-0.0,0.0,1.0,128250.0,386359.641,83.159997,431.5233179281724,1.0,2552.643739396124,330.649,298.15,32.499000000000024,32.499000000000024,2552.643739396125,130536.52848000005,251359.641,-0.0,162.43074750369254,162.43074750369254
614,1.0,0.0,-0.0,0.0,1.0,128250.0,311122.901,83.159997,431.5233179281724,1.0,2552.643739396124,330.649,298.15,32.499000000000024,32.499000000000024,2552.643739396125,130536.52848000005,176122.901,-0.0,162.43074750369254,162.43074750369254
615,1.0,0.0,-0.0,0.0,1.0,128250.0,194313.507,83.159997,431.5233179281724,1.0,2552.643739396124,330.649,298.15,32.499000000000024,32.499000000000024,2552.643739396125,130536.52848000005,59313.50700000001,-0.0,162.43074750369254,162.43074750369254
616,1.0,0.0,-0.0,0.0,1.0,128250.0,268968.668,83.159997,431.5233179281724,1.0,2552.643739396124,330.649,298.15,32.499000000000024,32.499000000000024,2552.643739396125,130536.52848000005,133968.668,-0.0,162.43074750369254,162.43074750369254
617,1.0,0.0,-0.0,0.0,1.0,128250.0,320275.673,83.159997,431.5233179281724,1.0,2552.643739396124,330.649,298.15,32.499000000000024,32.499000000000024,2552.643739396125,130536.52848000005,185275.673,-0.0,162.43074750369254,162.43074750369254
618,1.0,0.0,-0.0,0.0,1.0,128250.0,305701.5879,84.090003,431.5233179281724,1.0,2552.643739396124,330.649,298.15,32.499000000000024,32.499000000000024,2552.643739396125,130536.52848000005,170701.58789999998,-0.0,162.43074750369254,162.43074750369254
619,1.0,0.0,-0.0,0.0,1.0,128250.0,291847.0698,84.090003,431.5233179281724,1.0,2552.643739396124,330.649,298.15,32.499000000000024,32.499000000000024,2552.643739396125,130536.52848000005,156847.0698,-0.0,162.43074750369254,162.43074750369254
620,1.0,0.0,-0.0,0.0,1.0,128250.0,257363.5334,84.090003,431.5233179281724,1.0,2552.643739396124,330.649,298.15,32.499000000000024,32.499000000000024,2552.643739396125,130536.52848000005,122363.53339999999,-0.0,162.43074750369254,162.43074750369254
621,1.0,0.0,-0.0,0.0,1.0,128250.0,235180.2599,84.090003,431.5233179281724,1.0,2552.643739396124,330.649,298.15,32.499000000000024,32.499000000000024,2552.643739396125,130536.52848000005,100180.2599,-0.0,162.43074750369254,162.43074750369254
622,1.0,0.0,-0.0,0.0,1.0,128250.0,209280.9989,84.090003,431.5233179281724,1.0,2552.643739396124,330.649,298.15,32.499000000000024,32.499000000000024,2552.643739396125,130536.52848000005,74280.9989,-0.0,162.43074750369254,162.43074750369254
623,1.0,0.0,-0.0,0.0,1.0,128250.0,208591.4804,84.090003,431.5233179281724,1.0,2552.643739396124,330.649,298.15,32.499000000000024,32.499000000000024,2552.643739396125,130536.52848000005,73591.4804,-0.0,162.43074750369254,162.43074750369254
624,1.0,0.0,-0.0,0.0,1.0,128250.0,225959.1339,79.830003,431.5233179281724,1.0,2552.643739396123,330.649,298.15,32.499000000000024,32.499000000000024,2552.643739396125,130536.52848000005,90959.13389999999,-0.0,162.43074750369303,162.43074750369303
625,1.0,0.0,-0.0,0.0,1.0,128250.0,229462.2217,79.830003,431.5233179281724,1.0,2552.6437393961246,330.649,298.15,32.499000000000024,32.499000000000024,2552.643739396125,130536.52848000005,94462.2217,-0.0,162.43074750369303,162.43074750369303
626,1.0,0.0,-0.0,0.0,1.0,126900.0,244279.1523,79.830003,427.46357878321464,1.0,2514.0909051924064,330.649,298.15,32.499000000000024,32.499000000000024,2514.0909051924073,130536.52848000005,110629.15229999999,-0.0,162.27058355170715,162.27058355170715
627,1.0,0.0,-0.0,0.0,1.0,126900.0,267942.082,79.830003,427.46357878321464,1.0,2514.0909051924064,330.649,298.15,32.499000000000024,32.499000000000024,2514.0909051924073,130536.52848000005,134292.082,-0.0,162.27058355170715,162.27058355170715
628,1.0,0.0,-0.0,0.0,1.0,128250.0,255849.8762,79.830003,431.5233179281724,1.0,2552.6437393961246,330.649,298.15,32.499000000000024,32.499000000000024,2552.643739396125,130536.52848000005,120849.8762,-0.0,162.43074750369303,162.43074750369303
629,1.0,0.0,-0.0,0.0,1.0,126900.0,211903.43831,79.830003,427.46357878321464,1.0,2514.0909051924064,330.649,298.15,32.499000000000024,32.499000000000024,2514.0909051924073,130536.52848000005,78253.43831,-0.0,162.27058355170715,162.27058355170715
630,1.0,0.0,-0.0,0.0,1.0,128250.0,204735.8032,82.26,431.5233179281724,1.0,2552.643739396124,330.649,298.15,32.499000000000024,32.499000000000024,2552.643739396125,130536.52848000005,69735.8032,0.0,162.43074750369254,162.43074750369254
631,1.0,0.0,-0.0,0.0,1.0,128250.0,196942.874,82.26,431.5233179281724,1.0,2552.643739396124,330.649,298.15,32.499000000000024,32.499000000000024,2552.643739396125,130536.52848000005,61942.87400000001,-0.0,162.43074750369254,162.43074750369254
632,1.0,0.0,-0.0,0.0,1.0,128250.0,192376.5922,82.26,431.5233179281724,1.0,2552.643739396124,330.649,298.15,32.499000000000024,32.499000000000024,2552.643739396125,130536.52848000005,57376.592200000014,-0.0,162.43074750369254,162.43074750369254
633,1.0,0.0,-0.0,0.0,1.0,128250.0,200097.2917,82.26,431.5233179281724,1.0,2094.792223540162,345.649,298.15,47.499000000000024,47.499000000000024,2552.643739396125,176609.32848000008,65097.2917,-0.0,162.43074750369254,162.43074750369254
634,1.0,0.0,-0.0,0.0,1.0,128250.0,226836.4505,82.26,445.5917505405248,1.0,2642.3376571189274,330.649,298.15,32.499000000000024,32.499000000000024,2184.4861412629652,130536.52848000005,91836.4505,-0.0,296.9933041956154,296.9933041956154
635,1.0,0.0,-0.0,0.0,1.0,128250.0,238279.0528,82.26,431.5233179281724,1.0,2094.792223540162,345.649,298.15,47.499000000000024,47.499000000000024,2552.643739396125,176609.32848000008,103279.0528,0.0,162.43074750369254,162.43074750369254
636,1.0,0.0,-0.0,0.0,1.0,125550.0,271719.177,93.179997,437.15232253983163,1.0,2115.4404579619386,345.649,298.15,47.499000000000024,47.499000000000024,2115.4404579619395,176609.32848000008,139419.17700000003,0.0,296.3866288466158,296.3866288466158
637,1.0,0.0,-0.0,0.0,1.0,125550.0,313546.112,93.179997,437.15232253983163,1.0,2115.4404579619386,345.649,298.15,47.499000000000024,47.499000000000024,2115.4404579619395,176609.32848000008,181246.11200000002,0.0,296.3866288466158,296.3866288466158
638,1.0,0.0,-0.0,0.0,1.0,125550.0,335545.385,93.179997,437.15232253983163,1.0,2115.4404579619386,345.649,298.15,47.499000000000024,47.499000000000024,2115.4404579619395,176609.32848000008,203245.385,0.0,296.3866288466158,296.3866288466158
639,1.0,0.0,-0.0,0.0,1.0,125550.0,357028.029,93.179997,437.15232253983163,1.0,2115.4404579619386,345.649,298.15,47.499000000000024,47.499000000000024,2115.4404579619395,176609.32848000008,224728.02899999998,0.0,296.3866288466158,296.3866288466158
640,1.0,0.0,-0.0,0.0,1.0,125550.0,362203.991,93.179997,437.15232253983163,1.0,2115.4404579619386,345.649,298.15,47.499000000000024,47.499000000000024,2115.4404579619395,176609.32848000008,229903.99099999998,0.0,296.3866288466158,296.3866288466158
641,1.0,0.0,-0.0,0.0,1.0,125550.0,356388.007,93.179997,437.15232253983163,1.0,2839.0633076094246,321.94187581494657,298.15,23.791875814946593,23.791875814946593,2115.4404579619395,103792.42240312476,224088.00699999998,0.0,296.3866288466158,296.3866288466158
642,0.0,0.0,1.0,0.0,0.0,0.0,358008.481,97.5,0.0,1.0,0.0,321.6774896261883,321.6774896261883,0.0,0.0,-8.069974486290544,30715.199999999997,351258.481,0.0,0.0,92.625
643,0.0,0.0,1.0,0.0,0.0,0.0,355902.433,97.5,0.0,1.0,0.0,321.416041417493,321.416041417493,0.0,0.0,-7.980297244596695,30715.199999999997,349152.433,-0.0,0.0,92.625
644,0.0,0.0,1.0,0.0,0.0,0.0,354583.13,97.5,0.0,1.0,0.0,321.1574985406847,321.1574985406847,0.0,0.0,-7.891616537364189,30715.199999999997,347833.13,-0.0,0.0,92.625
645,0.0,0.0,1.0,0.0,0.0,0.0,348671.374,97.5,0.0,1.0,0.0,320.9018287103886,320.9018287103886,0.0,0.0,-7.803921290647057,30715.199999999997,341921.374,-0.0,0.0,92.625
646,0.0,0.0,1.0,0.0,0.0,0.0,352277.081,97.5,0.0,1.0,0.0,320.649,320.649,0.0,0.0,-7.717200553557994,30715.199999999997,345527.081,-0.0,0.0,92.625
647,0.0,0.0,1.0,0.0,0.0,0.0,343694.848,97.5,0.0,1.0,0.0,320.39898083769685,320.39898083769685,0.0,0.0,-7.631443496901034,30715.199999999997,336944.848,-0.0,0.0,92.625
648,1.0,0.0,-0.0,0.0,1.0,63450.0,326820.073,95.129997,220.72487891877455,1.0,633.9075273350002,335.649,298.15,37.499000000000024,37.499000000000024,1099.3904866878654,145894.12848000007,256620.07299999997,-0.0,84.57671632992492,84.57671632992492
649,1.0,0.0,-0.0,0.0,1.0,121500.0,322513.041,95.129997,415.5771225669979,1.0,2245.868516576537,335.649,298.15,37.499000000000024,37.499000000000024,2245.8685165765364,145894.12848000007,194263.04100000003,-0.0,197.62776291785445,197.62776291785445
650,1.0,0.0,-0.0,0.0,1.0,121500.0,318852.9162,95.129997,415.5771225669979,1.0,2245.868516576537,335.649,298.15,37.499000000000024,37.499000000000024,2245.8685165765364,145894.12848000007,190602.91619999998,-0.0,197.62776291785445,197.62776291785445
651,1.0,0.0,-0.0,0.0,1.0,121500.0,299761.243,95.129997,415.5771225669979,1.0,2245.868516576537,335.649,298.15,37.499000000000024,37.499000000000024,2245.8685165765364,145894.12848000007,171511.24300000002,-0.0,197.62776291785445,197.62776291785445
652,1.0,0.0,-0.0,0.0,1.0,121500.0,259586.475,95.129997,415.5771225669979,1.0,2245.868516576537,335.649,298.15,37.499000000000024,37.499000000000024,2245.8685165765364,145894.12848000007,131336.475,-0.0,197.62776291785445,197.62776291785445
653,1.0,0.0,-0.0,0.0,1.0,121500.0,219594.8308,95.129997,415.5771225669979,1.0,2245.868516576537,335.649,298.15,37.499000000000024,37.499000000000024,2245.8685165765364,145894.12848000007,91344.8308,-0.0,197.62776291785445,197.62776291785445
654,1.0,0.0,-0.0,0.0,1.0,128250.0,172254.053,90.179997,436.2113872893632,1.0,2125.052448765528,345.649,298.15,47.499000000000024,47.499000000000024,2430.2867926695044,176609.32848000008,37254.053000000014,-0.0,198.62205628290462,198.62205628290462
655,1.0,0.0,-0.0,0.0,1.0,124200.0,134289.9317,90.179997,432.92185509387065,1.0,2539.025186406542,330.649,298.15,32.499000000000024,32.499000000000024,2081.1736705505796,130536.52848000005,3339.9316999999864,-0.0,296.0825181516721,296.0825181516721
656,1.0,0.0,-0.0,0.0,1.0,86400.0,93991.5154,90.179997,302.0462691450557,1.0,1596.2453391427443,325.649,298.15,27.499000000000024,27.499000000000024,1443.6281671907566,115178.92848000006,841.5154000000039,-0.0,157.32264693761087,157.32264693761087
657,1.0,0.0,-0.0,0.0,1.0,62100.0,69936.16717,90.179997,220.7581472599365,1.0,799.0479714112425,330.65099999999995,298.15,32.500999999999976,32.500999999999976,951.7261902320092,130542.67151999992,1086.1671700000006,-0.0,126.17756727323864,126.17756727323864
658,1.0,0.0,-0.0,0.0,1.0,56700.0,63971.016,90.179997,202.91073471897712,1.0,833.70720186536,330.65099999999995,298.15,32.500999999999976,32.500999999999976,833.7072018653604,130542.67151999992,521.0160000000033,-0.0,125.60108890814121,125.60108890814121
659,1.0,0.0,-0.0,0.0,1.0,52650.0,60172.9446,90.179997,189.40130287566726,1.0,291.6155574974993,345.649,298.15,47.499000000000024,47.499000000000024,749.4060264846839,176609.32848000008,772.9446000000025,-0.0,125.16472900641575,125.16472900641575
660,1.0,0.0,-0.0,0.0,1.0,47250.0,55975.7146,86.25,177.75002541730015,1.0,309.4855151878546,350.6510000000001,298.15,52.50100000000015,52.50100000000015,462.16373400862597,191973.07152000043,1975.7145999999993,-0.0,277.73927749470135,277.73927749470135
661,1.0,0.0,-0.0,0.0,1.0,44550.0,53084.21465,86.25,168.18156481213134,1.0,1181.4521368544392,325.649,298.15,27.499000000000024,27.499000000000024,418.30523022571623,115178.92848000006,1784.2146500000017,-0.0,277.05144069147866,277.05144069147866
662,1.0,0.0,-0.0,0.0,1.0,54000.0,61682.8518,86.25,193.9165753921308,1.0,168.44644188366004,345.649,298.15,47.499000000000024,47.499000000000024,778.9151296916089,176609.32848000008,932.8517999999967,-0.0,125.31057406447593,125.31057406447593
663,1.0,0.0,-0.0,0.0,1.0,32400.0,41388.32411,86.25,124.42214939037558,1.0,920.1668732549824,323.5940271675187,298.15,25.444027167518698,25.444027167518698,246.97335702073732,108867.03832557703,2238.3241100000014,-0.0,273.9057584697888,273.9057584697888
664,0.0,1.0,0.0,0.0,0.0,0.0,5541.2458604,86.25,0.0,1.0,0.0,323.31128151846576,353.15,-29.838718481534215,-29.838718481534215,-8.630368268035628,-60935.02059040197,5541.2458604,1.0,0.0,37050.0
665,0.0,1.0,0.0,0.0,0.0,0.0,1358.207251,86.25,0.0,1.0,0.0,323.03167786818267,353.15,-30.118322131817308,-30.118322131817308,-8.53446367473184,-61793.82879431949,1358.2072509999998,0.0,0.0,0.0
666,0.0,1.0,0.0,0.0,0.0,0.0,920.3054953,86.78999999999999,0.0,1.0,0.0,322.7551813013442,353.15,-30.394818698655797,-30.394818698655797,-8.439624817064269,-62643.09352929525,920.3054953000001,0.0,0.0,0.0
667,0.0,1.0,0.0,0.0,0.0,0.0,981.656006,86.78999999999999,0.0,1.0,0.0,322.48175729062024,353.15,-30.66824270937974,-30.66824270937974,-8.345839852091823,-63482.920846714056,981.6560060000002,0.0,0.0,0.0
668,0.0,1.0,0.0,0.0,0.0,0.0,6322.052986,86.78999999999999,0.0,1.0,0.0,322.21137169236414,353.15,-30.938628307635838,-30.938628307635838,-8.253097068477626,-64313.415619469626,6322.052986,0.0,0.0,0.0
669,0.0,1.0,0.0,0.0,0.0,0.0,22423.00661,86.78999999999999,0.0,1.0,0.0,321.9439907423491,353.15,-31.206009257650862,-31.206009257650862,-8.161384885026486,-65134.68155505977,22423.00661,0.0,0.0,0.0
670,0.0,1.0,-0.0,0.0,0.0,0.0,56575.8624,86.78999999999999,0.0,1.0,0.0,321.67958105155174,321.67958105155174,0.0,0.0,-8.07069184923879,30715.199999999997,56575.8624,-0.0,0.0,0.0
671,0.0,1.0,-0.0,0.0,0.0,0.0,102987.5052,86.78999999999999,0.0,1.0,0.0,321.4181096019828,321.4181096019828,0.0,0.0,-7.981006635880274,30715.199999999997,102987.5052,-0.0,0.0,0.0
672,0.0,1.0,-0.0,0.0,0.0,0.0,148897.5246,94.02,0.0,1.0,0.0,321.15954374256387,321.15954374256387,0.0,0.0,-7.892318045567895,30715.199999999997,148897.5246,-0.0,0.0,0.0
673,0.0,1.0,-0.0,0.0,0.0,0.0,176219.3761,94.02,0.0,1.0,0.0,320.9038511850506,320.9038511850506,0.0,0.0,-7.804615003371212,30715.199999999997,176219.3761,-0.0,0.0,0.0
674,0.0,1.0,-0.0,0.0,0.0,0.0,185045.4214,94.02,0.0,1.0,0.0,320.65099999999995,320.65099999999995,0.0,0.0,-7.717886557429586,30715.199999999997,185045.4214,-0.0,0.0,0.0
675,0.0,1.0,-0.0,0.0,0.0,0.0,259153.542,94.02,0.0,1.0,0.0,320.40095861278354,320.40095861278354,0.0,0.0,-7.6321218775843285,30715.199999999997,259153.542,-0.0,0.0,0.0
676,0.0,1.0,-0.0,0.0,0.0,0.0,256554.786,94.02,0.0,1.0,0.0,320.1536957996447,320.1536957996447,0.0,0.0,-7.547310254026446,30715.199999999997,256554.786,-0.0,0.0,0.0
677,0.0,1.0,-0.0,0.0,0.0,0.0,161967.6796,94.02,0.0,1.0,0.0,319.9091806837996,319.9091806837996,0.0,0.0,-7.463441095959252,30715.199999999997,161967.6796,-0.0,0.0,0.0
678,0.0,1.0,-0.0,0.0,0.0,0.0,112252.8917,102.240006,0.0,1.0,0.0,319.6673827315811,319.6673827315811,0.0,0.0,-7.380503930275882,30715.199999999997,112252.8917,-0.0,0.0,0.0
679,0.0,1.0,-0.0,0.0,0.0,0.0,93210.89605,102.240006,0.0,1.0,0.0,319.42827174862606,319.42827174862606,0.0,0.0,-7.298488400251348,30715.199999999997,93210.89605,-0.0,0.0,0.0
680,0.0,1.0,-0.0,0.0,0.0,0.0,87535.9848,102.240006,0.0,1.0,0.0,319.19181787610506,319.19181787610506,0.0,0.0,-7.217384264249315,30715.199999999997,87535.9848,-0.0,0.0,0.0
681,0.0,1.0,-0.0,0.0,0.0,0.0,92015.2621,102.240006,0.0,1.0,0.0,318.9579915869936,318.9579915869936,0.0,0.0,-7.137181394443216,30715.199999999997,92015.2621,-0.0,0.0,0.0
682,0.0,1.0,-0.0,0.0,0.0,0.0,104328.944,102.240006,0.0,1.0,0.0,318.72676368238496,318.72676368238496,0.0,0.0,-7.057869775551529,30715.199999999997,104328.944,-0.0,0.0,0.0
683,0.0,1.0,-0.0,0.0,0.0,0.0,131769.2613,102.240006,0.0,1.0,0.0,318.4981052878439,318.4981052878439,0.0,0.0,-6.979439503587095,30715.199999999997,131769.2613,-0.0,0.0,0.0
684,0.0,1.0,-0.0,0.0,0.0,0.0,134567.9779,97.16999700000001,0.0,1.0,0.0,318.27198784980123,318.27198784980123,0.0,0.0,-6.9018807846203725,30715.199999999997,134567.9779,-0.0,0.0,0.0
685,0.0,1.0,-0.0,0.0,0.0,0.0,132401.0745,97.16999700000001,0.0,1.0,0.0,318.0483831319879,318.0483831319879,0.0,0.0,-6.825183933556481,30715.199999999997,132401.0745,-0.0,0.0,0.0
686,0.0,1.0,-0.0,0.0,0.0,0.0,155442.0817,97.16999700000001,0.0,1.0,0.0,317.82726321190944,317.82726321190944,0.0,0.0,-6.749339372925661,30715.199999999997,155442.0817,-0.0,0.0,0.0
687,0.0,1.0,-0.0,0.0,0.0,0.0,194657.704,97.16999700000001,0.0,1.0,0.0,317.6086004773586,317.6086004773586,0.0,0.0,-6.6743376316874645,30715.199999999997,194657.704,-0.0,0.0,0.0
688,0.0,1.0,-0.0,0.0,0.0,0.0,202324.872,97.16999700000001,0.0,1.0,0.0,317.3923676229677,317.3923676229677,0.0,0.0,-6.600169344047901,30715.199999999997,202324.872,-0.0,0.0,0.0
689,0.0,0.0,1.0,0.0,0.0,0.0,189506.342,97.16999700000001,0.0,1.0,0.0,317.1785376467988,317.1785376467988,0.0,0.0,-6.526825248289962,30715.199999999997,182756.342,-0.0,0.0,92.625
690,1.0,0.0,-0.0,0.0,1.0,49950.0,187893.102,94.320003,176.87262259338408,1.0,683.9698937232533,320.649,298.15,22.499000000000024,22.499000000000024,789.9003236655332,99821.32848000007,131193.102,-0.0,83.62724489829958,83.62724489829958
691,0.0,0.0,1.0,0.0,0.0,0.0,214902.147,94.320003,0.0,1.0,0.0,320.3989808376969,320.3989808376969,0.0,0.0,-7.631443496901034,30715.199999999997,208152.147,-0.0,0.0,92.625
692,0.0,0.0,1.0,0.0,0.0,0.0,213160.36,94.320003,0.0,1.0,0.0,320.15174000249806,320.15174000249806,0.0,0.0,-7.546639411819094,30715.199999999997,206410.36,-0.0,0.0,92.625
693,0.0,0.0,1.0,0.0,0.0,0.0,191493.203,94.320003,0.0,1.0,0.0,319.90724662036394,319.90724662036394,0.0,0.0,-7.462777708456871,30715.199999999997,184743.203,-0.0,0.0,92.625
694,1.0,0.0,-0.0,0.0,1.0,63450.0,229019.561,94.320003,220.72487891877455,1.0,466.38668289113946,340.65099999999995,298.15,42.500999999999976,42.500999999999976,1099.5572781850462,161257.87151999993,158819.561,-0.0,84.57671632992493,84.57671632992493
695,1.0,0.0,-0.0,0.0,1.0,128250.0,256274.534,94.320003,436.2113872893632,1.0,2275.9729906285565,345.65099999999995,298.15,47.500999999999976,47.500999999999976,2428.590162580545,176615.4715199999,121274.53400000001,-0.0,198.62205628290462,198.62205628290462
696,1.0,0.0,-0.0,0.0,1.0,126900.0,246670.1745,91.620003,436.72898848151635,1.0,2270.1980036778864,345.649,298.15,47.499000000000024,47.499000000000024,2270.1369568091077,176609.32848000008,113020.1745,-0.0,242.63176620388407,242.63176620388407
697,1.0,0.0,-0.0,0.0,1.0,126900.0,195759.853,91.620003,441.3756047939902,1.0,2149.8783346116816,345.649,298.15,47.499000000000024,47.499000000000024,2149.8783346116807,176609.32848000008,62109.853,-0.0,296.690223028028,296.690223028028
698,1.0,0.0,-0.0,0.0,1.0,126900.0,204826.059,91.620003,441.3756047939902,1.0,2149.8783346116816,345.649,298.15,47.499000000000024,47.499000000000024,2149.8783346116807,176609.32848000008,71176.05900000001,-0.0,296.690223028028,296.690223028028
699,1.0,0.0,-0.0,0.0,1.0,126900.0,218459.057,91.620003,441.3756047939902,1.0,2302.4344596948904,340.65099999999995,298.15,42.500999999999976,42.500999999999976,2149.8783346116807,161257.87151999993,84809.057,-0.0,296.690223028028,296.690223028028
700,1.0,0.0,-0.0,0.0,1.0,128250.0,224459.042,91.620003,436.2113872893632,1.0,2581.207334532532,335.65099999999995,298.15,37.500999999999976,37.500999999999976,2428.590162580545,145900.27151999992,89459.04199999999,-0.0,198.62205628290462,198.62205628290462
701,1.0,0.0,-0.0,0.0,1.0,128250.0,195570.6426,91.620003,431.5233179281724,1.0,2398.390984223957,340.649,298.15,42.499000000000024,42.499000000000024,2550.9471093071656,161251.72848000005,60570.64259999999,-0.0,162.43074750369303,162.43074750369303
702,1.0,0.0,-0.0,0.0,1.0,126900.0,217579.443,88.19999999999999,436.72898848151635,1.0,2271.8335868980676,340.649,298.15,42.499000000000024,42.499000000000024,2271.833586898067,161251.72848000005,83929.443,-0.0,242.63176620388262,242.63176620388262
703,1.0,0.0,-0.0,0.0,1.0,126900.0,198204.054,88.19999999999999,436.72898848151635,1.0,2271.8335868980676,340.649,298.15,42.499000000000024,42.499000000000024,2271.833586898067,161251.72848000005,64554.054000000004,-0.0,242.63176620388262,242.63176620388262
704,1.0,0.0,-0.0,0.0,1.0,126900.0,175820.962,88.19999999999999,436.72898848151635,1.0,2271.8335868980676,340.649,298.15,42.499000000000024,42.499000000000024,2271.833586898067,161251.72848000005,42170.962,-0.0,242.63176620388262,242.63176620388262
705,1.0,0.0,-0.0,0.0,1.0,126900.0,174214.6201,88.19999999999999,436.72898848151635,1.0,2271.8335868980676,340.649,298.15,42.499000000000024,42.499000000000024,2271.833586898067,161251.72848000005,40564.6201,-0.0,242.63176620388262,242.63176620388262
706,1.0,0.0,-0.0,0.0,1.0,126900.0,157968.4767,88.19999999999999,436.72898848151635,1.0,2271.8335868980676,340.649,298.15,42.499000000000024,42.499000000000024,2271.833586898067,161251.72848000005,24318.4767,-0.0,242.63176620388262,242.63176620388262
707,1.0,0.0,-0.0,0.0,1.0,125550.0,137324.4678,88.19999999999999,432.5574253452924,1.0,2388.705710838105,335.649,298.15,37.499000000000024,37.499000000000024,2236.0885388861175,145894.12848000007,5024.467800000013,-0.0,242.38624824733031,242.38624824733031
708,1.0,0.0,-0.0,0.0,1.0,126900.0,163809.9798,86.429997,432.09904909280186,1.0,2393.058047856086,335.649,298.15,37.499000000000024,37.499000000000024,2393.058047856084,145894.12848000007,30159.9798,-0.0,198.4238970250524,198.4238970250524
709,1.0,0.0,-0.0,0.0,1.0,126900.0,183608.4416,86.429997,432.09904909280186,1.0,2545.675219808072,330.649,298.15,32.499000000000024,32.499000000000024,2393.058047856084,130536.52848000005,49958.44159999999,-0.0,198.4238970250523,198.4238970250523
710,1.0,0.0,-0.0,0.0,1.0,128250.0,203030.2455,86.429997,431.5233179281724,1.0,2400.0265674441366,335.649,298.15,37.499000000000024,37.499000000000024,2552.643739396125,145894.12848000007,68030.24549999999,-0.0,162.43074750369303,162.43074750369303
711,1.0,0.0,-0.0,0.0,1.0,126900.0,243025.5394,86.429997,432.09904909280186,1.0,2698.29239176006,325.649,298.15,27.499000000000024,27.499000000000024,2393.058047856084,115178.92848000006,109375.53940000001,-0.0,198.4238970250523,198.4238970250523
712,1.0,0.0,-0.0,0.0,1.0,128250.0,246961.176,86.429997,426.81197613250845,1.0,2522.621241873668,330.649,298.15,32.499000000000024,32.499000000000024,2675.2384138256543,130536.52848000005,111961.176,-0.0,132.83318607052482,132.83318607052482
713,1.0,0.0,0.0,-0.0,1.0,126900.0,227200.293,86.429997,427.46357878321464,1.0,2514.029858323627,330.65099999999995,298.15,32.500999999999976,32.500999999999976,2514.0909051924073,130542.67151999992,93550.293,-0.0,162.27058355170715,162.27058355170715
714,1.0,0.0,-0.0,0.0,1.0,128250.0,235440.087,66.24,426.81197613250845,1.0,2826.220002557461,325.649,298.15,27.499000000000024,27.499000000000024,2673.541783736695,115178.92848000006,100440.087,-0.0,132.83318607052482,132.83318607052482
715,1.0,0.0,-0.0,0.0,1.0,128250.0,209230.5759,66.24,426.81197613250845,1.0,2522.5601950048867,330.65099999999995,298.15,32.500999999999976,32.500999999999976,2675.2384138256543,130542.67151999992,74230.5759,-0.0,132.83318607052485,132.83318607052485
716,1.0,0.0,-0.0,0.0,1.0,128250.0,206578.8534,66.24,426.81197613250845,1.0,2673.541783736694,330.65099999999995,298.15,32.500999999999976,32.500999999999976,2673.541783736695,130542.67151999992,71578.85339999999,-0.0,132.8331860705248,132.8331860705248
717,1.0,0.0,-0.0,0.0,1.0,128250.0,198519.5462,66.24,426.81197613250845,1.0,2673.541783736694,330.65099999999995,298.15,32.500999999999976,32.500999999999976,2673.541783736695,130542.67151999992,63519.54620000001,-0.0,132.8331860705248,132.8331860705248
718,1.0,-0.0,-0.0,0.0,1.0,128250.0,199725.3214,66.24,426.81197613250845,1.0,2826.220002557461,325.649,298.15,27.499000000000024,27.499000000000024,2673.541783736695,115178.92848000006,64725.321399999986,-0.0,132.8331860705248,132.8331860705248
719,1.0,-0.0,-0.0,-0.0,1.0,128250.0,223413.6727,66.24,426.81197613250845,1.0,2675.1773669568747,325.65099999999995,298.15,27.500999999999976,27.500999999999976,2675.2384138256543,115185.07151999991,88413.6727,-0.0,132.83318607052482,132.83318607052482
720,1.0,-0.0,-0.0,0.0,1.0,128250.0,243083.084,41.519999999999996,422.06291858792235,1.0,2949.403883844606,320.649,298.15,22.499000000000024,22.499000000000024,2796.7256650238396,99821.32848000007,108083.084,-0.0,108.62778792158983,108.62778792158983
721,1.0,-0.0,-0.0,-0.0,1.0,128250.0,207986.356,41.519999999999996,422.06291858792235,1.0,2798.4222951127986,320.649,298.15,22.499000000000024,22.499000000000024,2798.4222951127995,99821.32848000007,72986.356,-0.0,108.62778792158984,108.62778792158984
722,1.0,-0.0,-0.0,-0.0,1.0,128250.0,206959.8948,41.519999999999996,422.06291858792235,1.0,2798.4222951127986,320.649,298.15,22.499000000000024,22.499000000000024,2798.4222951127995,99821.32848000007,71959.89480000001,-0.0,108.62778792158984,108.62778792158984
723,1.0,-0.0,-0.0,-0.0,1.0,128250.0,193808.92,41.519999999999996,422.06291858792235,1.0,2798.4222951127986,320.649,298.15,22.499000000000024,22.499000000000024,2798.4222951127995,99821.32848000007,58808.92000000001,-0.0,108.62778792158984,108.62778792158984
724,1.0,-0.0,-0.0,-0.0,1.0,128250.0,159228.1902,41.519999999999996,422.06291858792235,1.0,2798.4222951127986,320.649,298.15,22.499000000000024,22.499000000000024,2798.4222951127995,99821.32848000007,24228.190200000012,-0.0,108.62778792158984,108.62778792158984
725,1.0,-0.0,-0.0,-0.0,1.0,128250.0,187901.1488,41.519999999999996,422.06291858792235,1.0,2951.0394670647865,315.649,298.15,17.499000000000024,17.499000000000024,2798.4222951127995,84463.72848000006,52901.148799999995,-0.0,108.62778792158984,108.62778792158984
726,1.0,-0.0,-0.0,-0.0,1.0,128250.0,225950.825,35.67,417.263119516242,1.0,2922.5119102632207,315.649,298.15,17.499000000000024,17.499000000000024,2922.511910263221,84463.72848000006,90950.82500000001,-0.0,88.83208333508983,88.83208333508983
727,1.0,-0.0,-0.0,-0.0,1.0,128250.0,232674.947,35.67,417.263119516242,1.0,2922.5119102632207,315.649,298.15,17.499000000000024,17.499000000000024,2922.511910263221,84463.72848000006,97674.94699999999,-0.0,88.83208333508983,88.83208333508983
728,1.0,-0.0,-0.0,-0.0,1.0,128250.0,273843.197,35.67,417.263119516242,1.0,2922.5119102632207,315.649,298.15,17.499000000000024,17.499000000000024,2922.511910263221,84463.72848000006,138843.197,-0.0,88.83208333508983,88.83208333508983
729,1.0,-0.0,-0.0,-0.0,1.0,128250.0,259462.622,35.67,417.263119516242,1.0,2922.5119102632207,315.649,298.15,17.499000000000024,17.499000000000024,2922.511910263221,84463.72848000006,124462.622,-0.0,88.83208333508983,88.83208333508983
730,1.0,-0.0,-0.0,-0.0,1.0,128250.0,262835.586,35.67,417.263119516242,1.0,2922.5119102632207,315.649,298.15,17.499000000000024,17.499000000000024,2922.511910263221,84463.72848000006,127835.58600000001,-0.0,88.83208333508983,88.83208333508983
731,1.0,-0.0,-0.0,-0.0,1.0,128250.0,257440.003,35.67,417.263119516242,1.0,2922.5119102632207,315.649,298.15,17.499000000000024,17.499000000000024,2922.511910263221,84463.72848000006,122440.003,-0.0,88.83208333508983,88.83208333508983
732,1.0,-0.0,-0.0,-0.0,1.0,128250.0,244306.178,29.549999999999997,417.263119516242,1.0,2922.5119102632207,315.649,298.15,17.499000000000024,17.499000000000024,2922.511910263221,84463.72848000006,109306.17800000001,-0.0,88.83208333508983,88.83208333508983
733,1.0,-0.0,-0.0,-0.0,1.0,128250.0,270218.889,29.549999999999997,417.263119516242,1.0,2922.5119102632207,315.649,298.15,17.499000000000024,17.499000000000024,2922.511910263221,84463.72848000006,135218.88900000002,-0.0,88.83208333508983,88.83208333508983
734,1.0,-0.0,-0.0,-0.0,1.0,128250.0,237461.128,29.549999999999997,417.263119516242,1.0,2922.5119102632207,315.649,298.15,17.499000000000024,17.499000000000024,2922.511910263221,84463.72848000006,102461.128,-0.0,88.83208333508983,88.83208333508983
735,1.0,-0.0,-0.0,-0.0,1.0,128250.0,183888.631,29.549999999999997,417.263119516242,1.0,2922.5119102632207,315.649,298.15,17.499000000000024,17.499000000000024,2922.511910263221,84463.72848000006,48888.630999999994,-0.0,88.83208333508983,88.83208333508983
736,1.0,-0.0,-0.0,-0.0,1.0,128250.0,182876.2541,29.549999999999997,417.263119516242,1.0,2922.5119102632207,315.649,298.15,17.499000000000024,17.499000000000024,2922.511910263221,84463.72848000006,47876.25409999999,-0.0,88.83208333508983,88.83208333508983
737,1.0,-0.0,-0.0,-0.0,1.0,128250.0,177888.2852,29.549999999999997,417.263119516242,1.0,2968.2665384144266,314.15,298.15,16.0,16.0,2922.511910263221,79859.51999999999,42888.28520000001,-0.0,88.83208333508983,88.83208333508983
738,1.0,-0.0,-0.0,-0.0,1.0,128250.0,178436.989,15.27,412.40017956601946,1.0,3046.620175894521,314.15,298.15,16.0,16.0,3046.6201758945217,79859.51999999999,43436.989,-0.0,72.64269565646262,72.64269565646262
739,1.0,-0.0,-0.0,-0.0,1.0,128250.0,223776.452,15.27,412.40017956601946,1.0,3000.8045008745357,315.65099999999995,298.15,17.500999999999976,17.500999999999976,3046.6201758945217,84469.87151999993,88776.45199999999,-0.0,72.64269565646262,72.64269565646262
740,1.0,-0.0,-0.0,0.0,1.0,128250.0,226460.572,15.27,412.40017956601946,1.0,3091.926726211683,314.15,298.15,16.0,16.0,3046.1110511916972,79859.51999999999,91460.57199999999,-0.0,72.64269565646265,72.64269565646265
741,1.0,-0.0,-0.0,-0.0,1.0,128250.0,239370.934,15.27,412.40017956601946,1.0,3000.8045008745357,315.65099999999995,298.15,17.500999999999976,17.500999999999976,3046.6201758945217,84469.87151999993,104370.93400000001,-0.0,72.64269565646262,72.64269565646262
742,1.0,-0.0,-0.0,0.0,1.0,128250.0,253793.369,15.27,412.40017956601946,1.0,3046.111051191698,315.65099999999995,298.15,17.500999999999976,17.500999999999976,3046.1110511916972,84469.87151999993,118793.369,-0.0,72.64269565646265,72.64269565646265
743,1.0,-0.0,-0.0,0.0,1.0,128250.0,266205.627,15.27,412.40017956601946,1.0,3046.111051191698,315.65099999999995,298.15,17.500999999999976,17.500999999999976,3046.1110511916972,84469.87151999993,131205.62699999998,-0.0,72.64269565646265,72.64269565646265
744,1.0,-0.0,-0.0,0.0,1.0,128250.0,233449.3756,11.94,412.40017956601946,1.0,3046.111051191698,315.65099999999995,298.15,17.500999999999976,17.500999999999976,3046.1110511916972,84469.87151999993,98449.3756,-0.0,72.64269565646265,72.64269565646265
745,1.0,-0.0,-0.0,0.0,1.0,128250.0,256820.276,11.94,412.40017956601946,1.0,3091.926726211683,314.15,298.15,16.0,16.0,3046.1110511916972,79859.51999999999,121820.27600000001,-0.0,72.64269565646265,72.64269565646265
746,1.0,-0.0,-0.0,-0.0,1.0,128250.0,240263.572,11.94,412.40017956601946,1.0,3000.8045008745357,315.65099999999995,298.15,17.500999999999976,17.500999999999976,3046.6201758945217,84469.87151999993,105263.57199999999,-0.0,72.64269565646262,72.64269565646262
747,1.0,-0.0,-0.0,0.0,1.0,128250.0,249638.765,11.94,412.40017956601946,1.0,3091.926726211683,314.15,298.15,16.0,16.0,3046.1110511916972,79859.51999999999,114638.76500000001,-0.0,72.64269565646265,72.64269565646265
748,1.0,-0.0,-0.0,-0.0,1.0,128250.0,254622.741,11.94,412.40017956601946,1.0,3046.620175894521,314.15,298.15,16.0,16.0,3046.6201758945217,79859.51999999999,119622.74100000001,-0.0,72.64269565646262,72.64269565646262
749,1.0,-0.0,-0.0,-0.0,1.0,128250.0,281381.254,11.94,412.40017956601946,1.0,2848.1873289225477,320.65099999999995,298.15,22.500999999999976,22.500999999999976,3046.6201758945217,99827.47151999993,146381.25400000002,-0.0,72.64269565646262,72.64269565646262
750,1.0,-0.0,-0.0,0.0,1.0,128250.0,331351.127,24.72,417.263119516242,1.0,3073.4934989950293,315.649,298.15,17.499000000000024,17.499000000000024,2920.8152801742617,84463.72848000006,196351.12699999998,-0.0,88.83208333508986,88.83208333508986
751,1.0,-0.0,-0.0,0.0,1.0,128250.0,340274.123,24.72,417.263119516242,1.0,2922.51191026322,315.649,298.15,17.499000000000024,17.499000000000024,2922.511910263221,84463.72848000006,205274.12300000002,-0.0,88.83208333508986,88.83208333508986
752,1.0,-0.0,-0.0,0.0,1.0,128250.0,341446.274,24.72,417.263119516242,1.0,2922.51191026322,315.649,298.15,17.499000000000024,17.499000000000024,2922.511910263221,84463.72848000006,206446.27399999998,-0.0,88.83208333508986,88.83208333508986
753,1.0,-0.0,-0.0,0.0,1.0,128250.0,352677.886,24.72,417.263119516242,1.0,2922.51191026322,315.649,298.15,17.499000000000024,17.499000000000024,2922.511910263221,84463.72848000006,217677.886,-0.0,88.83208333508986,88.83208333508986
754,1.0,-0.0,-0.0,0.0,1.0,128250.0,353342.346,24.72,417.263119516242,1.0,2922.51191026322,315.649,298.15,17.499000000000024,17.499000000000024,2922.511910263221,84463.72848000006,218342.34600000002,-0.0,88.83208333508986,88.83208333508986
755,1.0,-0.0,-0.0,0.0,1.0,128250.0,370004.297,24.72,417.263119516242,1.0,2769.8947383112322,320.649,298.15,22.499000000000024,22.499000000000024,2922.511910263221,99821.32848000007,235004.29700000002,-0.0,88.83208333508986,88.83208333508986
756,1.0,-0.0,-0.0,0.0,1.0,128250.0,380456.308,39.63,422.06291858792235,1.0,2798.4222951127986,320.649,298.15,22.499000000000024,22.499000000000024,2798.4222951127995,99821.32848000007,245456.30800000002,-0.0,108.62778792158986,108.62778792158986
757,1.0,-0.0,-0.0,0.0,1.0,128250.0,383757.141,39.63,422.06291858792235,1.0,2798.4222951127986,320.649,298.15,22.499000000000024,22.499000000000024,2798.4222951127995,99821.32848000007,248757.141,-0.0,108.62778792158986,108.62778792158986
758,1.0,-0.0,-0.0,0.0,1.0,128250.0,391080.772,39.63,422.06291858792235,1.0,2798.4222951127986,320.649,298.15,22.499000000000024,22.499000000000024,2798.4222951127995,99821.32848000007,256080.772,-0.0,108.62778792158986,108.62778792158986
759,1.0,-0.0,-0.0,0.0,1.0,128250.0,392249.674,39.63,422.06291858792235,1.0,2798.4222951127986,320.649,298.15,22.499000000000024,22.499000000000024,2798.4222951127995,99821.32848000007,257249.674,-0.0,108.62778792158986,108.62778792158986
760,1.0,-0.0,-0.0,-0.0,1.0,128250.0,390959.007,39.63,422.06291858792235,1.0,2798.4222951127986,320.649,298.15,22.499000000000024,22.499000000000024,2798.4222951127995,99821.32848000007,255959.00699999998,-0.0,108.62778792158984,108.62778792158984
761,1.0,-0.0,-0.0,-0.0,1.0,128250.0,390614.547,39.63,422.06291858792235,1.0,2645.8051231608106,325.649,298.15,27.499000000000024,27.499000000000024,2798.4222951127995,115178.92848000006,255614.54700000002,-0.0,108.62778792158984,108.62778792158984
762,1.0,-0.0,-0.0,-0.0,1.0,128250.0,391903.799,78.27,426.81197613250845,1.0,2522.560195004887,330.65099999999995,298.15,32.500999999999976,32.500999999999976,2675.2384138256543,130542.67151999992,256903.799,-0.0,132.83318607052482,132.83318607052482
763,1.0,-0.0,-0.0,-0.0,1.0,128250.0,392013.58,78.27,426.81197613250845,1.0,2673.541783736694,330.65099999999995,298.15,32.500999999999976,32.500999999999976,2673.541783736695,130542.67151999992,257013.58000000002,-0.0,132.83318607052482,132.83318607052482
764,1.0,-0.0,-0.0,-0.0,1.0,128250.0,391671.044,78.27,426.81197613250845,1.0,2673.541783736695,330.65099999999995,298.15,32.500999999999976,32.500999999999976,2673.541783736695,130542.67151999992,256671.044,-0.0,132.83318607052482,132.83318607052482
765,1.0,-0.0,-0.0,-0.0,1.0,128250.0,392457.801,78.27,426.81197613250845,1.0,2673.541783736693,330.65099999999995,298.15,32.500999999999976,32.500999999999976,2673.541783736695,130542.67151999992,257457.80099999998,-0.0,132.83318607052482,132.83318607052482
766,1.0,-0.0,-0.0,-0.0,1.0,128250.0,392575.67,78.27,426.81197613250845,1.0,2673.541783736693,330.65099999999995,298.15,32.500999999999976,32.500999999999976,2673.541783736695,130542.67151999992,257575.66999999998,-0.0,132.83318607052482,132.83318607052482
767,1.0,-0.0,-0.0,-0.0,1.0,128250.0,392568.763,78.27,426.81197613250845,1.0,2673.541783736695,330.65099999999995,298.15,32.500999999999976,32.500999999999976,2673.541783736695,130542.67151999992,257568.76299999998,-0.0,132.83318607052482,132.83318607052482
768,1.0,-0.0,0.0,0.0,1.0,128250.0,392572.457,83.100003,426.81197613250845,1.0,2673.541783736693,330.65099999999995,298.15,32.500999999999976,32.500999999999976,2673.541783736695,130542.67151999992,257572.457,-0.0,132.8331860705248,132.8331860705248
769,1.0,-0.0,-0.0,0.0,1.0,128250.0,392499.824,83.100003,426.81197613250845,1.0,2673.541783736695,330.65099999999995,298.15,32.500999999999976,32.500999999999976,2673.541783736695,130542.67151999992,257499.82400000002,-0.0,132.8331860705248,132.8331860705248
770,1.0,-0.0,-0.0,0.0,1.0,128250.0,392503.13,83.100003,426.81197613250845,1.0,2673.541783736694,330.65099999999995,298.15,32.500999999999976,32.500999999999976,2673.541783736695,130542.67151999992,257503.13,-0.0,132.8331860705248,132.8331860705248
771,1.0,-0.0,0.0,0.0,1.0,128250.0,392056.728,83.100003,426.81197613250845,1.0,2673.541783736693,330.65099999999995,298.15,32.500999999999976,32.500999999999976,2673.541783736695,130542.67151999992,257056.728,-0.0,132.8331860705248,132.8331860705248
772,1.0,-0.0,-0.0,0.0,1.0,128250.0,392204.144,83.100003,426.81197613250845,1.0,2673.541783736695,330.65099999999995,298.15,32.500999999999976,32.500999999999976,2673.541783736695,130542.67151999992,257204.14399999997,-0.0,132.8331860705248,132.8331860705248
773,1.0,-0.0,0.0,0.0,1.0,128250.0,391183.647,83.100003,426.81197613250845,1.0,2673.541783736693,330.65099999999995,298.15,32.500999999999976,32.500999999999976,2673.541783736695,130542.67151999992,256183.647,-0.0,132.8331860705248,132.8331860705248
774,1.0,-0.0,0.0,0.0,1.0,128250.0,392461.081,83.46000000000001,426.81197613250845,1.0,2673.541783736694,330.65099999999995,298.15,32.500999999999976,32.500999999999976,2673.541783736695,130542.67151999992,257461.081,-0.0,132.8331860705248,132.8331860705248
775,1.0,-0.0,0.0,0.0,1.0,128250.0,392578.045,83.46000000000001,426.81197613250845,1.0,2826.220002557462,325.649,298.15,27.499000000000024,27.499000000000024,2673.541783736695,115178.92848000006,257578.04499999998,-0.0,132.8331860705248,132.8331860705248
776,1.0,-0.0,-0.0,0.0,1.0,128250.0,392551.171,83.46000000000001,426.81197613250845,1.0,2522.560195004887,330.65099999999995,298.15,32.500999999999976,32.500999999999976,2675.2384138256543,130542.67151999992,257551.17099999997,-0.0,132.8331860705248,132.8331860705248
777,1.0,-0.0,0.0,0.0,1.0,128250.0,392565.917,83.46000000000001,426.81197613250845,1.0,2826.220002557462,325.649,298.15,27.499000000000024,27.499000000000024,2673.541783736695,115178.92848000006,257565.91700000002,-0.0,132.8331860705248,132.8331860705248
778,1.0,-0.0,0.0,0.0,1.0,128250.0,392582.312,83.46000000000001,426.81197613250845,1.0,2675.2384138256543,325.649,298.15,27.499000000000024,27.499000000000024,2675.2384138256543,115178.92848000006,257582.31199999998,-0.0,132.8331860705248,132.8331860705248
779,1.0,-0.0,-0.0,0.0,1.0,128250.0,392585.702,83.46000000000001,426.81197613250845,1.0,2522.560195004887,330.65099999999995,298.15,32.500999999999976,32.500999999999976,2675.2384138256543,130542.67151999992,257585.702,-0.0,132.8331860705248,132.8331860705248
780,1.0,-0.0,-0.0,-0.0,1.0,128250.0,392571.378,78.179997,426.81197613250845,1.0,2673.541783736693,330.65099999999995,298.15,32.500999999999976,32.500999999999976,2673.541783736695,130542.67151999992,257571.37800000003,-0.0,132.83318607052482,132.83318607052482
781,1.0,-0.0,-0.0,-0.0,1.0,128250.0,392575.12,78.179997,426.81197613250845,1.0,2673.541783736693,330.65099999999995,298.15,32.500999999999976,32.500999999999976,2673.541783736695,130542.67151999992,257575.12,-0.0,132.83318607052482,132.83318607052482
782,1.0,-0.0,-0.0,-0.0,1.0,128250.0,392582.728,78.179997,426.81197613250845,1.0,2673.541783736693,330.65099999999995,298.15,32.500999999999976,32.500999999999976,2673.541783736695,130542.67151999992,257582.728,-0.0,132.83318607052482,132.83318607052482
783,1.0,-0.0,-0.0,-0.0,1.0,128250.0,392592.119,78.179997,426.81197613250845,1.0,2673.541783736694,330.65099999999995,298.15,32.500999999999976,32.500999999999976,2673.541783736695,130542.67151999992,257592.119,-0.0,132.83318607052482,132.83318607052482
784,1.0,-0.0,-0.0,-0.0,1.0,128250.0,392577.981,78.179997,426.81197613250845,1.0,2673.541783736695,330.65099999999995,298.15,32.500999999999976,32.500999999999976,2673.541783736695,130542.67151999992,257577.98100000003,-0.0,132.83318607052482,132.83318607052482
785,1.0,-0.0,-0.0,-0.0,1.0,128250.0,392574.034,78.179997,426.81197613250845,1.0,2826.220002557461,325.649,298.15,27.499000000000024,27.499000000000024,2673.541783736695,115178.92848000006,257574.03399999999,-0.0,132.83318607052482,132.83318607052482
786,1.0,-0.0,-0.0,0.0,1.0,128250.0,392578.789,84.120003,426.81197613250845,1.0,2675.238413825654,325.649,298.15,27.499000000000024,27.499000000000024,2675.2384138256543,115178.92848000006,257578.789,-0.0,132.8331860705248,132.8331860705248
787,1.0,-0.0,0.0,0.0,1.0,128250.0,392579.643,84.120003,426.81197613250845,1.0,2522.560195004887,330.65099999999995,298.15,32.500999999999976,32.500999999999976,2675.2384138256543,130542.67151999992,257579.64299999998,-0.0,132.8331860705248,132.8331860705248
788,1.0,-0.0,0.0,0.0,1.0,128250.0,392581.887,84.120003,426.81197613250845,1.0,2673.541783736694,330.65099999999995,298.15,32.500999999999976,32.500999999999976,2673.541783736695,130542.67151999992,257581.887,-0.0,132.8331860705248,132.8331860705248
789,1.0,-0.0,0.0,0.0,1.0,128250.0,390188.262,84.120003,426.81197613250845,1.0,2826.220002557461,325.649,298.15,27.499000000000024,27.499000000000024,2673.541783736695,115178.92848000006,255188.262,-0.0,132.8331860705248,132.8331860705248
790,1.0,-0.0,0.0,0.0,1.0,128250.0,390627.211,84.120003,426.81197613250845,1.0,2675.238413825654,325.649,298.15,27.499000000000024,27.499000000000024,2675.2384138256543,115178.92848000006,255627.211,-0.0,132.8331860705248,132.8331860705248
791,1.0,-0.0,0.0,0.0,1.0,128250.0,392577.253,84.120003,426.81197613250845,1.0,2522.560195004887,330.65099999999995,298.15,32.500999999999976,32.500999999999976,2675.2384138256543,130542.67151999992,257577.25300000003,-0.0,132.8331860705248,132.8331860705248
792,1.0,-0.0,-0.0,0.0,1.0,128250.0,392570.193,84.30000000000001,426.81197613250845,1.0,2673.541783736694,330.65099999999995,298.15,32.500999999999976,32.500999999999976,2673.541783736695,130542.67151999992,257570.19300000003,-0.0,132.83318607052485,132.83318607052485
793,1.0,-0.0,0.0,0.0,1.0,128250.0,392582.757,84.30000000000001,426.81197613250845,1.0,2673.5417837366967,330.65099999999995,298.15,32.500999999999976,32.500999999999976,2673.541783736695,130542.67151999992,257582.75699999998,-0.0,132.83318607052485,132.83318607052485
794,1.0,-0.0,-0.0,0.0,1.0,128250.0,392586.883,84.30000000000001,426.81197613250845,1.0,2673.541783736693,330.65099999999995,298.15,32.500999999999976,32.500999999999976,2673.541783736695,130542.67151999992,257586.88299999997,-0.0,132.83318607052485,132.83318607052485
795,1.0,-0.0,0.0,0.0,1.0,128250.0,392585.443,84.30000000000001,426.81197613250845,1.0,2673.541783736694,330.65099999999995,298.15,32.500999999999976,32.500999999999976,2673.541783736695,130542.67151999992,257585.44300000003,-0.0,132.8331860705248,132.8331860705248
796,1.0,-0.0,-0.0,0.0,1.0,128250.0,392578.289,84.30000000000001,426.81197613250845,1.0,2826.220002557461,325.649,298.15,27.499000000000024,27.499000000000024,2673.541783736695,115178.92848000006,257578.289,-0.0,132.8331860705248,132.8331860705248
797,1.0,-0.0,0.0,0.0,1.0,128250.0,392571.326,84.30000000000001,426.81197613250845,1.0,2522.560195004887,330.65099999999995,298.15,32.500999999999976,32.500999999999976,2675.2384138256543,130542.67151999992,257571.326,-0.0,132.83318607052485,132.83318607052485
798,1.0,-0.0,0.0,0.0,1.0,128250.0,392582.456,84.48,426.81197613250845,1.0,2826.220002557461,325.649,298.15,27.499000000000024,27.499000000000024,2673.541783736695,115178.92848000006,257582.456,-0.0,132.83318607052485,132.83318607052485
799,1.0,-0.0,0.0,0.0,1.0,128250.0,392574.064,84.48,426.81197613250845,1.0,2522.560195004887,330.65099999999995,298.15,32.500999999999976,32.500999999999976,2675.2384138256543,130542.67151999992,257574.064,-0.0,132.83318607052485,132.83318607052485
800,1.0,-0.0,-0.0,-0.0,1.0,128250.0,392575.868,84.48,426.81197613250845,1.0,2826.220002557461,325.649,298.15,27.499000000000024,27.499000000000024,2673.541783736695,115178.92848000006,257575.86800000002,-0.0,132.83318607052482,132.83318607052482
801,1.0,-0.0,-0.0,0.0,1.0,128250.0,392574.3,84.48,426.81197613250845,1.0,2675.238413825654,325.649,298.15,27.499000000000024,27.499000000000024,2675.2384138256543,115178.92848000006,257574.3,-0.0,132.83318607052485,132.83318607052485
802,1.0,-0.0,0.0,0.0,1.0,128250.0,392575.546,84.48,426.81197613250845,1.0,2522.560195004887,330.65099999999995,298.15,32.500999999999976,32.500999999999976,2675.2384138256543,130542.67151999992,257575.54599999997,-0.0,132.83318607052485,132.83318607052485
803,1.0,-0.0,0.0,0.0,1.0,128250.0,392580.449,84.48,426.81197613250845,1.0,2673.541783736694,330.65099999999995,298.15,32.500999999999976,32.500999999999976,2673.541783736695,130542.67151999992,257580.44900000002,-0.0,132.8331860705248,132.8331860705248
804,1.0,-0.0,-0.0,0.0,1.0,128250.0,392585.631,84.419997,426.81197613250845,1.0,2673.541783736694,330.65099999999995,298.15,32.500999999999976,32.500999999999976,2673.541783736695,130542.67151999992,257585.631,-0.0,132.83318607052485,132.83318607052485
805,1.0,-0.0,0.0,0.0,1.0,128250.0,392579.39,84.419997,426.81197613250845,1.0,2673.5417837366967,330.65099999999995,298.15,32.500999999999976,32.500999999999976,2673.541783736695,130542.67151999992,257579.39,-0.0,132.8331860705248,132.8331860705248
806,1.0,-0.0,0.0,0.0,1.0,128250.0,392584.742,84.419997,426.81197613250845,1.0,2673.541783736694,330.65099999999995,298.15,32.500999999999976,32.500999999999976,2673.541783736695,130542.67151999992,257584.74200000003,-0.0,132.83318607052485,132.83318607052485
807,1.0,-0.0,0.0,0.0,1.0,128250.0,392572.004,84.419997,426.81197613250845,1.0,2826.220002557464,325.649,298.15,27.499000000000024,27.499000000000024,2673.541783736695,115178.92848000006,257572.00400000002,-0.0,132.83318607052485,132.83318607052485
808,1.0,-0.0,-0.0,0.0,1.0,128250.0,392590.087,84.419997,426.81197613250845,1.0,2675.238413825654,325.649,298.15,27.499000000000024,27.499000000000024,2675.2384138256543,115178.92848000006,257590.087,-0.0,132.83318607052485,132.83318607052485
809,1.0,-0.0,0.0,0.0,1.0,128250.0,392582.856,84.419997,426.81197613250845,1.0,2369.9430230529006,335.65099999999995,298.15,37.500999999999976,37.500999999999976,2675.2384138256543,145900.27151999992,257582.85600000003,-0.0,132.8331860705248,132.8331860705248
810,1.0,-0.0,0.0,0.0,1.0,128250.0,392587.113,87.0,431.5233179281724,1.0,2703.6253281279323,330.649,298.15,32.499000000000024,32.499000000000024,2550.9471093071656,130536.52848000005,257587.113,-0.0,162.43074750369306,162.43074750369306
811,1.0,-0.0,0.0,0.0,1.0,128250.0,392575.99,87.0,431.5233179281724,1.0,2399.9655205753575,335.65099999999995,298.15,37.500999999999976,37.500999999999976,2552.643739396125,145900.27151999992,257575.99,-0.0,162.43074750369306,162.43074750369306
812,1.0,-0.0,0.0,0.0,1.0,128250.0,392592.916,87.0,431.5233179281724,1.0,2703.6253281279323,330.649,298.15,32.499000000000024,32.499000000000024,2550.9471093071656,130536.52848000005,257592.91600000003,-0.0,162.43074750369306,162.43074750369306
813,1.0,-0.0,0.0,0.0,1.0,128250.0,392578.496,87.0,431.5233179281724,1.0,2399.9655205753597,335.65099999999995,298.15,37.500999999999976,37.500999999999976,2552.643739396125,145900.27151999992,257578.49599999998,-0.0,162.430747503693,162.430747503693
814,1.0,-0.0,0.0,0.0,1.0,128250.0,392583.895,87.0,431.5233179281724,1.0,2550.947109307165,335.65099999999995,298.15,37.500999999999976,37.500999999999976,2550.9471093071656,145900.27151999992,257583.89500000002,-0.0,162.43074750369306,162.43074750369306
815,1.0,-0.0,0.0,0.0,1.0,128250.0,392584.789,87.0,431.5233179281724,1.0,2703.6253281279323,330.649,298.15,32.499000000000024,32.499000000000024,2550.9471093071656,130536.52848000005,257584.789,-0.0,162.43074750369306,162.43074750369306
816,1.0,-0.0,0.0,0.0,1.0,128250.0,392582.116,90.570003,431.5233179281724,1.0,2552.6437393961246,330.649,298.15,32.499000000000024,32.499000000000024,2552.643739396125,130536.52848000005,257582.11599999998,-0.0,162.430747503693,162.430747503693
817,1.0,-0.0,0.0,0.0,1.0,128250.0,392430.899,90.570003,431.5233179281724,1.0,2399.9655205753575,335.65099999999995,298.15,37.500999999999976,37.500999999999976,2552.643739396125,145900.27151999992,257430.89899999998,-0.0,162.430747503693,162.430747503693
818,1.0,-0.0,0.0,0.0,1.0,128250.0,392491.694,90.570003,431.5233179281724,1.0,2703.6253281279323,330.649,298.15,32.499000000000024,32.499000000000024,2550.9471093071656,130536.52848000005,257491.69400000002,-0.0,162.430747503693,162.430747503693
819,1.0,-0.0,0.0,0.0,1.0,128250.0,392574.378,90.570003,431.5233179281724,1.0,2552.6437393961246,330.649,298.15,32.499000000000024,32.499000000000024,2552.643739396125,130536.52848000005,257574.37800000003,-0.0,162.43074750369306,162.43074750369306
820,1.0,-0.0,0.0,0.0,1.0,128250.0,392574.185,90.570003,431.5233179281724,1.0,2399.9655205753575,335.65099999999995,298.15,37.500999999999976,37.500999999999976,2552.643739396125,145900.27151999992,257574.185,-0.0,162.43074750369303,162.43074750369303
821,1.0,-0.0,0.0,0.0,1.0,128250.0,392575.737,90.570003,431.5233179281724,1.0,2703.6253281279323,330.649,298.15,32.499000000000024,32.499000000000024,2550.9471093071656,130536.52848000005,257575.73700000002,-0.0,162.43074750369306,162.43074750369306
822,1.0,-0.0,0.0,0.0,1.0,128250.0,392583.657,91.94999999999999,431.5233179281724,1.0,2552.6437393961246,330.649,298.15,32.499000000000024,32.499000000000024,2552.643739396125,130536.52848000005,257583.657,-0.0,162.43074750369303,162.43074750369303
823,1.0,-0.0,0.0,0.0,1.0,128250.0,392581.024,91.94999999999999,431.5233179281724,1.0,2399.9655205753575,335.65099999999995,298.15,37.500999999999976,37.500999999999976,2552.643739396125,145900.27151999992,257581.02399999998,-0.0,162.43074750369306,162.43074750369306
824,1.0,-0.0,0.0,0.0,1.0,128250.0,392584.455,91.94999999999999,431.5233179281724,1.0,2550.947109307165,335.65099999999995,298.15,37.500999999999976,37.500999999999976,2550.9471093071656,145900.27151999992,257584.45500000002,-0.0,162.43074750369306,162.43074750369306
825,1.0,-0.0,-0.0,0.0,1.0,128250.0,392577.453,91.94999999999999,431.5233179281724,1.0,2550.947109307165,335.65099999999995,298.15,37.500999999999976,37.500999999999976,2550.9471093071656,145900.27151999992,257577.45299999998,-0.0,162.43074750369306,162.43074750369306
826,1.0,-0.0,0.0,0.0,1.0,128250.0,392587.29,91.94999999999999,431.5233179281724,1.0,2550.947109307165,335.65099999999995,298.15,37.500999999999976,37.500999999999976,2550.9471093071656,145900.27151999992,257587.28999999998,-0.0,162.43074750369306,162.43074750369306
827,1.0,-0.0,-0.0,0.0,1.0,128250.0,392581.563,91.94999999999999,431.5233179281724,1.0,2550.947109307165,335.65099999999995,298.15,37.500999999999976,37.500999999999976,2550.9471093071656,145900.27151999992,257581.56300000002,-0.0,162.43074750369306,162.43074750369306
828,1.0,-0.0,0.0,0.0,1.0,128250.0,392579.74,90.659997,431.5233179281724,1.0,2550.947109307165,335.65099999999995,298.15,37.500999999999976,37.500999999999976,2550.9471093071656,145900.27151999992,257579.74,-0.0,162.43074750369306,162.43074750369306
829,1.0,-0.0,0.0,0.0,1.0,128250.0,392596.572,90.659997,431.5233179281724,1.0,2703.6253281279323,330.649,298.15,32.499000000000024,32.499000000000024,2550.9471093071656,130536.52848000005,257596.572,-0.0,162.43074750369306,162.43074750369306
830,1.0,-0.0,0.0,0.0,1.0,128250.0,392582.18,90.659997,431.5233179281724,1.0,2552.6437393961246,330.649,298.15,32.499000000000024,32.499000000000024,2552.643739396125,130536.52848000005,257582.18,-0.0,162.43074750369306,162.43074750369306
831,1.0,-0.0,0.0,0.0,1.0,128250.0,392367.229,90.659997,431.5233179281724,1.0,2552.6437393961246,330.649,298.15,32.499000000000024,32.499000000000024,2552.643739396125,130536.52848000005,257367.229,-0.0,162.43074750369306,162.43074750369306
832,1.0,-0.0,0.0,0.0,1.0,128250.0,389422.831,90.659997,431.5233179281724,1.0,2552.6437393961246,330.649,298.15,32.499000000000024,32.499000000000024,2552.643739396125,130536.52848000005,254422.831,-0.0,162.43074750369306,162.43074750369306
833,1.0,-0.0,0.0,0.0,1.0,128250.0,389971.003,90.659997,431.5233179281724,1.0,2552.6437393961246,330.649,298.15,32.499000000000024,32.499000000000024,2552.643739396125,130536.52848000005,254971.00300000003,-0.0,162.430747503693,162.430747503693
834,1.0,-0.0,0.0,0.0,1.0,128250.0,392573.55,88.44,431.5233179281724,1.0,2552.6437393961246,330.649,298.15,32.499000000000024,32.499000000000024,2552.643739396125,130536.52848000005,257573.55,-0.0,162.430747503693,162.430747503693
835,1.0,-0.0,0.0,0.0,1.0,128250.0,392580.296,88.44,431.5233179281724,1.0,2399.9655205753575,335.65099999999995,298.15,37.500999999999976,37.500999999999976,2552.643739396125,145900.27151999992,257580.29599999997,-0.0,162.430747503693,162.430747503693
836,1.0,-0.0,0.0,0.0,1.0,128250.0,392583.181,88.44,431.5233179281724,1.0,2550.947109307165,335.65099999999995,298.15,37.500999999999976,37.500999999999976,2550.9471093071656,145900.27151999992,257583.18099999998,-0.0,162.43074750369306,162.43074750369306
837,1.0,-0.0,0.0,0.0,1.0,128250.0,392582.732,88.44,431.5233179281724,1.0,2550.947109307165,335.65099999999995,298.15,37.500999999999976,37.500999999999976,2550.9471093071656,145900.27151999992,257582.73200000002,-0.0,162.430747503693,162.430747503693
838,1.0,-0.0,0.0,0.0,1.0,128250.0,392585.763,88.44,431.5233179281724,1.0,2550.947109307165,335.65099999999995,298.15,37.500999999999976,37.500999999999976,2550.9471093071656,145900.27151999992,257585.76299999998,-0.0,162.430747503693,162.430747503693
839,1.0,-0.0,0.0,0.0,1.0,128250.0,392577.538,88.44,431.5233179281724,1.0,2550.947109307165,335.65099999999995,298.15,37.500999999999976,37.500999999999976,2550.9471093071656,145900.27151999992,257577.538,-0.0,162.43074750369306,162.43074750369306
840,1.0,-0.0,0.0,0.0,1.0,128250.0,392588.79,87.0,431.5233179281724,1.0,2703.6253281279323,330.649,298.15,32.499000000000024,32.499000000000024,2550.9471093071656,130536.52848000005,257588.78999999998,-0.0,162.43074750369306,162.43074750369306
841,1.0,-0.0,0.0,0.0,1.0,128250.0,392586.001,87.0,431.5233179281724,1.0,2399.9655205753597,335.65099999999995,298.15,37.500999999999976,37.500999999999976,2552.643739396125,145900.27151999992,257586.001,-0.0,162.43074750369306,162.43074750369306
842,1.0,-0.0,0.0,0.0,1.0,128250.0,392579.865,87.0,431.5233179281724,1.0,2550.947109307165,335.65099999999995,298.15,37.500999999999976,37.500999999999976,2550.9471093071656,145900.27151999992,257579.865,-0.0,162.43074750369306,162.43074750369306
843,1.0,-0.0,0.0,0.0,1.0,128250.0,392587.468,87.0,431.5233179281724,1.0,2550.947109307165,335.65099999999995,298.15,37.500999999999976,37.500999999999976,2550.9471093071656,145900.27151999992,257587.468,-0.0,162.43074750369306,162.43074750369306
844,1.0,-0.0,0.0,0.0,1.0,128250.0,392583.951,87.0,431.5233179281724,1.0,2703.6253281279323,330.649,298.15,32.499000000000024,32.499000000000024,2550.9471093071656,130536.52848000005,257583.951,-0.0,162.43074750369306,162.43074750369306
845,1.0,-0.0,0.0,0.0,1.0,128250.0,392580.305,87.0,431.5233179281724,1.0,2552.582692527345,330.65099999999995,298.15,32.500999999999976,32.500999999999976,2552.643739396125,130542.67151999992,257580.305,-0.0,162.43074750369306,162.43074750369306
846,1.0,-0.0,0.0,0.0,1.0,128250.0,392581.447,85.02,426.81197613250845,1.0,2673.541783736695,330.65099999999995,298.15,32.500999999999976,32.500999999999976,2673.541783736695,130542.67151999992,257581.447,-0.0,132.8331860705248,132.8331860705248
847,1.0,-0.0,-0.0,0.0,1.0,128250.0,392599.456,85.02,426.81197613250845,1.0,2673.541783736694,330.65099999999995,298.15,32.500999999999976,32.500999999999976,2673.541783736695,130542.67151999992,257599.456,-0.0,132.83318607052485,132.83318607052485
848,1.0,-0.0,-0.0,0.0,1.0,128250.0,392580.964,85.02,426.81197613250845,1.0,2826.220002557461,325.649,298.15,27.499000000000024,27.499000000000024,2673.541783736695,115178.92848000006,257580.96399999998,-0.0,132.83318607052485,132.83318607052485
849,1.0,-0.0,0.0,0.0,1.0,128250.0,392581.44,85.02,426.81197613250845,1.0,2522.5601950048876,330.65099999999995,298.15,32.500999999999976,32.500999999999976,2675.2384138256543,130542.67151999992,257581.44,-0.0,132.8331860705248,132.8331860705248
850,1.0,-0.0,0.0,0.0,1.0,128250.0,392578.71,85.02,426.81197613250845,1.0,2673.541783736694,330.65099999999995,298.15,32.500999999999976,32.500999999999976,2673.541783736695,130542.67151999992,257578.71000000002,-0.0,132.83318607052485,132.83318607052485
851,1.0,-0.0,-0.0,0.0,1.0,128250.0,392574.426,85.02,426.81197613250845,1.0,2673.541783736694,330.65099999999995,298.15,32.500999999999976,32.500999999999976,2673.541783736695,130542.67151999992,257574.42599999998,-0.0,132.83318607052485,132.83318607052485
852,1.0,-0.0,-0.0,-0.0,1.0,128250.0,392592.252,78.06,426.81197613250845,1.0,2673.541783736695,330.65099999999995,298.15,32.500999999999976,32.500999999999976,2673.541783736695,130542.67151999992,257592.25199999998,-0.0,132.83318607052482,132.83318607052482
853,1.0,-0.0,-0.0,-0.0,1.0,128250.0,392586.22,78.06,426.81197613250845,1.0,2673.541783736694,330.65099999999995,298.15,32.500999999999976,32.500999999999976,2673.541783736695,130542.67151999992,257586.21999999997,-0.0,132.83318607052482,132.83318607052482
854,1.0,-0.0,-0.0,-0.0,1.0,128250.0,392576.94,78.06,426.81197613250845,1.0,2673.541783736694,330.65099999999995,298.15,32.500999999999976,32.500999999999976,2673.541783736695,130542.67151999992,257576.94,-0.0,132.83318607052482,132.83318607052482
855,1.0,-0.0,-0.0,-0.0,1.0,128250.0,392586.437,78.06,426.81197613250845,1.0,2673.541783736694,330.65099999999995,298.15,32.500999999999976,32.500999999999976,2673.541783736695,130542.67151999992,257586.43699999998,-0.0,132.83318607052482,132.83318607052482
856,1.0,-0.0,-0.0,-0.0,1.0,128250.0,392574.282,78.06,426.81197613250845,1.0,2673.541783736694,330.65099999999995,298.15,32.500999999999976,32.500999999999976,2673.541783736695,130542.67151999992,257574.282,-0.0,132.83318607052482,132.83318607052482
857,1.0,-0.0,-0.0,-0.0,1.0,128250.0,392581.953,78.06,426.81197613250845,1.0,3131.454346461437,315.649,298.15,17.499000000000024,17.499000000000024,2673.541783736695,84463.72848000006,257581.95299999998,-0.0,132.83318607052482,132.83318607052482
858,1.0,-0.0,-0.0,-0.0,1.0,128250.0,392586.158,34.650000000000006,417.263119516242,1.0,2769.8336914424535,320.65099999999995,298.15,22.500999999999976,22.500999999999976,2922.511910263221,99827.47151999993,257586.158,-0.0,88.83208333508983,88.83208333508983
859,1.0,-0.0,-0.0,0.0,1.0,128250.0,392574.272,34.650000000000006,417.263119516242,1.0,2920.8152801742626,320.65099999999995,298.15,22.500999999999976,22.500999999999976,2920.8152801742617,99827.47151999993,257574.272,-0.0,88.8320833350898,88.8320833350898
860,1.0,-0.0,-0.0,0.0,1.0,128250.0,392586.883,34.650000000000006,417.263119516242,1.0,2920.8152801742626,320.65099999999995,298.15,22.500999999999976,22.500999999999976,2920.8152801742617,99827.47151999993,257586.88299999997,-0.0,88.8320833350898,88.8320833350898
861,1.0,-0.0,-0.0,0.0,1.0,128250.0,392595.468,34.650000000000006,417.263119516242,1.0,2920.8152801742626,320.65099999999995,298.15,22.500999999999976,22.500999999999976,2920.8152801742617,99827.47151999993,257595.468,-0.0,88.8320833350898,88.8320833350898
862,1.0,-0.0,-0.0,0.0,1.0,128250.0,392580.211,34.650000000000006,417.263119516242,1.0,3073.4934989950298,315.649,298.15,17.499000000000024,17.499000000000024,2920.8152801742617,84463.72848000006,257580.211,-0.0,88.8320833350898,88.8320833350898
863,1.0,-0.0,-0.0,0.0,1.0,128250.0,392585.305,34.650000000000006,417.263119516242,1.0,2922.5119102632198,315.649,298.15,17.499000000000024,17.499000000000024,2922.511910263221,84463.72848000006,257585.305,-0.0,88.83208333508986,88.83208333508986
864,1.0,-0.0,-0.0,-0.0,1.0,128250.0,392577.383,27.78,417.263119516242,1.0,2769.8336914424535,320.65099999999995,298.15,22.500999999999976,22.500999999999976,2922.511910263221,99827.47151999993,257577.38299999997,-0.0,88.83208333508983,88.83208333508983
865,1.0,-0.0,-0.0,0.0,1.0,128250.0,392582.726,27.78,417.263119516242,1.0,3073.493498995029,315.649,298.15,17.499000000000024,17.499000000000024,2920.8152801742617,84463.72848000006,257582.72600000002,-0.0,88.83208333508986,88.83208333508986
866,1.0,-0.0,-0.0,0.0,1.0,128250.0,392329.569,27.78,417.263119516242,1.0,2922.5119102632198,315.649,298.15,17.499000000000024,17.499000000000024,2922.511910263221,84463.72848000006,257329.56900000002,-0.0,88.83208333508986,88.83208333508986
867,1.0,-0.0,-0.0,0.0,1.0,128250.0,391726.501,27.78,417.263119516242,1.0,2922.5119102632198,315.649,298.15,17.499000000000024,17.499000000000024,2922.511910263221,84463.72848000006,256726.501,-0.0,88.83208333508986,88.83208333508986
868,1.0,-0.0,-0.0,0.0,1.0,128250.0,392397.892,27.78,417.263119516242,1.0,2922.5119102632198,315.649,298.15,17.499000000000024,17.499000000000024,2922.511910263221,84463.72848000006,257397.892,-0.0,88.83208333508986,88.83208333508986
869,1.0,-0.0,-0.0,0.0,1.0,128250.0,392525.706,27.78,417.263119516242,1.0,2968.2665384144257,314.15,298.15,16.0,16.0,2922.511910263221,79859.51999999999,257525.706,-0.0,88.83208333508986,88.83208333508986
870,1.0,-0.0,-0.0,0.0,1.0,128250.0,392157.478,22.77,412.40017956601946,1.0,3046.6201758945244,314.15,298.15,16.0,16.0,3046.6201758945217,79859.51999999999,257157.478,-0.0,72.64269565646265,72.64269565646265
871,1.0,-0.0,-0.0,-0.0,1.0,128250.0,390765.619,22.77,412.40017956601946,1.0,3000.804500874532,315.65099999999995,298.15,17.500999999999976,17.500999999999976,3046.6201758945217,84469.87151999993,255765.619,-0.0,72.64269565646262,72.64269565646262
872,1.0,-0.0,-0.0,0.0,1.0,128250.0,386167.312,22.77,412.40017956601946,1.0,3091.9267262116828,314.15,298.15,16.0,16.0,3046.1110511916972,79859.51999999999,251167.31199999998,-0.0,72.64269565646265,72.64269565646265
873,1.0,-0.0,-0.0,0.0,1.0,128250.0,386495.781,22.77,412.40017956601946,1.0,3046.620175894521,314.15,298.15,16.0,16.0,3046.6201758945217,79859.51999999999,251495.78100000002,-0.0,72.64269565646265,72.64269565646265
874,1.0,-0.0,-0.0,0.0,1.0,128250.0,388020.691,22.77,412.40017956601946,1.0,3046.620175894521,314.15,298.15,16.0,16.0,3046.6201758945217,79859.51999999999,253020.691,-0.0,72.64269565646265,72.64269565646265
875,1.0,-0.0,-0.0,0.0,1.0,128250.0,392156.214,22.77,412.40017956601946,1.0,3046.620175894521,314.15,298.15,16.0,16.0,3046.6201758945217,79859.51999999999,257156.21399999998,-0.0,72.64269565646265,72.64269565646265
876,1.0,-0.0,-0.0,0.0,1.0,128250.0,392585.697,0.21000000000000002,412.40017956601946,1.0,3046.6201758945203,314.15,298.15,16.0,16.0,3046.6201758945217,79859.51999999999,257585.697,-0.0,72.6426956564626,72.6426956564626
877,1.0,-0.0,-0.0,-0.0,1.0,128250.0,392577.665,0.21000000000000002,412.40017956601946,1.0,3000.8045008745357,315.65099999999995,298.15,17.500999999999976,17.500999999999976,3046.6201758945217,84469.87151999993,257577.66499999998,-0.0,72.64269565646262,72.64269565646262
878,1.0,-0.0,-0.0,0.0,1.0,128250.0,391393.443,0.21000000000000002,412.40017956601946,1.0,3091.9267262116823,314.15,298.15,16.0,16.0,3046.1110511916972,79859.51999999999,256393.44300000003,-0.0,72.6426956564626,72.6426956564626
879,1.0,-0.0,-0.0,-0.0,1.0,128250.0,390555.357,0.21000000000000002,412.40017956601946,1.0,3046.6201758945213,314.15,298.15,16.0,16.0,3046.6201758945217,79859.51999999999,255555.35700000002,-0.0,72.64269565646262,72.64269565646262
880,1.0,-0.0,-0.0,0.0,1.0,128250.0,391883.958,0.21000000000000002,412.40017956601946,1.0,3046.6201758945203,314.15,298.15,16.0,16.0,3046.6201758945217,79859.51999999999,256883.95799999998,-0.0,72.6426956564626,72.6426956564626
881,1.0,-0.0,-0.0,-0.0,1.0,128250.0,392554.808,0.21000000000000002,412.40017956601946,1.0,3000.8045008745357,315.65099999999995,298.15,17.500999999999976,17.500999999999976,3046.6201758945217,84469.87151999993,257554.80800000002,-0.0,72.64269565646262,72.64269565646262
882,1.0,-0.0,-0.0,0.0,1.0,128250.0,392569.801,0.24,412.40017956601946,1.0,3091.9267262116823,314.15,298.15,16.0,16.0,3046.1110511916972,79859.51999999999,257569.80099999998,-0.0,72.6426956564626,72.6426956564626
883,1.0,-0.0,-0.0,-0.0,1.0,128250.0,392570.129,0.24,412.40017956601946,1.0,3046.6201758945244,314.15,298.15,16.0,16.0,3046.6201758945217,79859.51999999999,257570.12900000002,-0.0,72.64269565646262,72.64269565646262
884,1.0,-0.0,-0.0,-0.0,1.0,128250.0,392584.081,0.24,412.40017956601946,1.0,3046.620175894521,314.15,298.15,16.0,16.0,3046.6201758945217,79859.51999999999,257584.081,-0.0,72.64269565646262,72.64269565646262
885,1.0,-0.0,-0.0,-0.0,1.0,128250.0,392581.534,0.24,412.40017956601946,1.0,3000.804500874532,315.65099999999995,298.15,17.500999999999976,17.500999999999976,3046.6201758945217,84469.87151999993,257581.53399999999,-0.0,72.64269565646262,72.64269565646262
886,1.0,-0.0,-0.0,-0.0,1.0,128250.0,392581.766,0.24,412.40017956601946,1.0,3091.926726211687,314.15,298.15,16.0,16.0,3046.1110511916972,79859.51999999999,257581.766,-0.0,72.64269565646262,72.64269565646262
887,1.0,-0.0,-0.0,-0.0,1.0,128250.0,392573.211,0.24,412.40017956601946,1.0,3046.620175894521,314.15,298.15,16.0,16.0,3046.6201758945217,79859.51999999999,257573.211,-0.0,72.64269565646262,72.64269565646262
888,1.0,-0.0,-0.0,-0.0,1.0,128250.0,392577.893,6.1499999999999995,412.40017956601946,1.0,3046.620175894517,314.15,298.15,16.0,16.0,3046.6201758945217,79859.51999999999,257577.89299999998,-0.0,72.64269565646262,72.64269565646262
889,1.0,-0.0,-0.0,-0.0,1.0,128250.0,392569.579,6.1499999999999995,412.40017956601946,1.0,3046.6201758945244,314.15,298.15,16.0,16.0,3046.6201758945217,79859.51999999999,257569.57900000003,-0.0,72.64269565646262,72.64269565646262
890,1.0,-0.0,-0.0,-0.0,1.0,128250.0,392585.844,6.1499999999999995,412.40017956601946,1.0,3046.620175894521,314.15,298.15,16.0,16.0,3046.6201758945217,79859.51999999999,257585.84399999998,-0.0,72.64269565646262,72.64269565646262
891,1.0,-0.0,-0.0,-0.0,1.0,128250.0,392582.847,6.1499999999999995,412.40017956601946,1.0,3046.620175894521,314.15,298.15,16.0,16.0,3046.6201758945217,79859.51999999999,257582.847,-0.0,72.64269565646262,72.64269565646262
892,1.0,-0.0,-0.0,-0.0,1.0,128250.0,392587.021,6.1499999999999995,412.40017956601946,1.0,3046.620175894521,314.15,298.15,16.0,16.0,3046.6201758945217,79859.51999999999,257587.021,-0.0,72.64269565646262,72.64269565646262
893,1.0,-0.0,-0.0,-0.0,1.0,128250.0,392585.179,6.1499999999999995,412.40017956601946,1.0,3046.620175894517,314.15,298.15,16.0,16.0,3046.6201758945217,79859.51999999999,257585.179,-0.0,72.64269565646262,72.64269565646262
894,1.0,-0.0,-0.0,-0.0,1.0,128250.0,392582.264,19.56,412.40017956601946,1.0,3046.6201758945244,314.15,298.15,16.0,16.0,3046.6201758945217,79859.51999999999,257582.26400000002,-0.0,72.64269565646262,72.64269565646262
895,1.0,-0.0,-0.0,-0.0,1.0,128250.0,392585.698,19.56,412.40017956601946,1.0,3046.620175894521,314.15,298.15,16.0,16.0,3046.6201758945217,79859.51999999999,257585.69799999997,-0.0,72.64269565646262,72.64269565646262
896,1.0,-0.0,-0.0,-0.0,1.0,128250.0,392579.009,19.56,412.40017956601946,1.0,3046.620175894517,314.15,298.15,16.0,16.0,3046.6201758945217,79859.51999999999,257579.00900000002,-0.0,72.64269565646262,72.64269565646262
897,1.0,-0.0,-0.0,-0.0,1.0,128250.0,392446.123,19.56,412.40017956601946,1.0,3046.6201758945244,314.15,298.15,16.0,16.0,3046.6201758945217,79859.51999999999,257446.12300000002,-0.0,72.64269565646262,72.64269565646262
898,1.0,-0.0,-0.0,-0.0,1.0,128250.0,392571.793,19.56,412.40017956601946,1.0,3046.620175894517,314.15,298.15,16.0,16.0,3046.6201758945217,79859.51999999999,257571.793,-0.0,72.64269565646262,72.64269565646262
899,1.0,-0.0,-0.0,-0.0,1.0,128250.0,392578.349,19.56,412.40017956601946,1.0,2542.952985018572,330.65099999999995,298.15,32.500999999999976,32.500999999999976,3046.6201758945217,130542.67151999992,257578.349,-0.0,72.64269565646262,72.64269565646262
900,1.0,-0.0,-0.0,-0.0,1.0,128250.0,392315.064,78.21000000000001,426.81197613250845,1.0,2826.220002557462,325.649,298.15,27.499000000000024,27.499000000000024,2673.541783736695,115178.92848000006,257315.064,-0.0,132.83318607052482,132.83318607052482
901,1.0,-0.0,-0.0,-0.0,1.0,128250.0,392454.179,78.21000000000001,426.81197613250845,1.0,2675.2384138256543,325.649,298.15,27.499000000000024,27.499000000000024,2675.2384138256543,115178.92848000006,257454.179,-0.0,132.83318607052482,132.83318607052482
902,1.0,-0.0,-0.0,-0.0,1.0,128250.0,392581.288,78.21000000000001,426.81197613250845,1.0,2675.2384138256543,325.649,298.15,27.499000000000024,27.499000000000024,2675.2384138256543,115178.92848000006,257581.288,-0.0,132.83318607052482,132.83318607052482
903,1.0,-0.0,-0.0,-0.0,1.0,128250.0,392584.156,78.21000000000001,426.81197613250845,1.0,2675.2384138256543,325.649,298.15,27.499000000000024,27.499000000000024,2675.2384138256543,115178.92848000006,257584.15600000002,-0.0,132.83318607052482,132.83318607052482
904,1.0,-0.0,-0.0,-0.0,1.0,128250.0,392590.37,78.21000000000001,426.81197613250845,1.0,2675.2384138256543,325.649,298.15,27.499000000000024,27.499000000000024,2675.2384138256543,115178.92848000006,257590.37,-0.0,132.83318607052482,132.83318607052482
905,1.0,-0.0,-0.0,-0.0,1.0,128250.0,392581.09,78.21000000000001,426.81197613250845,1.0,2522.621241873668,330.64899999999994,298.15,32.49899999999997,32.49899999999997,2675.2384138256543,130536.52847999988,257581.09000000003,-0.0,132.83318607052482,132.83318607052482
906,1.0,-0.0,0.0,0.0,1.0,128250.0,392582.628,90.120003,431.5233179281724,1.0,2552.6437393961173,330.64899999999994,298.15,32.49899999999997,32.49899999999997,2552.643739396125,130536.52847999988,257582.62800000003,-0.0,162.43074750369277,162.43074750369277
907,1.0,-0.0,0.0,0.0,1.0,128250.0,392534.653,90.120003,431.5233179281724,1.0,2552.6437393961173,330.64899999999994,298.15,32.49899999999997,32.49899999999997,2552.643739396125,130536.52847999988,257534.653,-0.0,162.43074750369277,162.43074750369277
908,1.0,-0.0,0.0,0.0,1.0,128250.0,392543.793,90.120003,431.5233179281724,1.0,2552.643739396116,330.649,298.15,32.499000000000024,32.499000000000024,2552.643739396125,130536.52848000005,257543.793,-0.0,162.43074750369283,162.43074750369283
909,1.0,-0.0,0.0,0.0,1.0,128250.0,392514.17,90.120003,431.5233179281724,1.0,2552.6437393961246,330.649,298.15,32.499000000000024,32.499000000000024,2552.643739396125,130536.52848000005,257514.16999999998,-0.0,162.43074750369306,162.43074750369306
910,1.0,-0.0,0.0,0.0,1.0,128250.0,391891.802,90.120003,431.5233179281724,1.0,2399.9655205753575,335.65099999999995,298.15,37.500999999999976,37.500999999999976,2552.643739396125,145900.27151999992,256891.80200000003,-0.0,162.43074750369297,162.43074750369297
911,1.0,-0.0,0.0,0.0,1.0,128250.0,392357.592,90.120003,431.5233179281724,1.0,2703.6253281279323,330.649,298.15,32.499000000000024,32.499000000000024,2550.9471093071656,130536.52848000005,257357.592,-0.0,162.43074750369306,162.43074750369306
912,1.0,-0.0,0.0,0.0,1.0,128250.0,392346.149,92.55000000000001,431.5233179281724,1.0,2552.6437393961246,330.649,298.15,32.499000000000024,32.499000000000024,2552.643739396125,130536.52848000005,257346.14899999998,-0.0,162.43074750369303,162.43074750369303
913,1.0,-0.0,0.0,0.0,1.0,128250.0,392089.41,92.55000000000001,431.5233179281724,1.0,2552.6437393961246,330.649,298.15,32.499000000000024,32.499000000000024,2552.643739396125,130536.52848000005,257089.40999999997,-0.0,162.43074750369306,162.43074750369306
914,1.0,-0.0,0.0,0.0,1.0,128250.0,392345.861,92.55000000000001,431.5233179281724,1.0,2552.643739396123,330.64900000000006,298.15,32.49900000000008,32.49900000000008,2552.643739396125,130536.52848000023,257345.86099999998,-0.0,162.43074750369306,162.43074750369306
915,1.0,-0.0,-0.0,0.0,1.0,128250.0,392345.174,92.55000000000001,431.5233179281724,1.0,2552.6437393961332,330.64900000000006,298.15,32.49900000000008,32.49900000000008,2552.643739396125,130536.52848000023,257345.174,-0.0,162.43074750369306,162.43074750369306
916,1.0,-0.0,-0.0,0.0,1.0,128250.0,392529.807,92.55000000000001,431.5233179281724,1.0,2552.643739396135,330.649,298.15,32.499000000000024,32.499000000000024,2552.643739396125,130536.52848000005,257529.80699999997,-0.0,162.43074750369306,162.43074750369306
917,1.0,-0.0,0.0,0.0,1.0,128250.0,389788.863,92.55000000000001,431.5233179281724,1.0,2552.6437393961246,330.649,298.15,32.499000000000024,32.499000000000024,2552.643739396125,130536.52848000005,254788.863,-0.0,162.43074750369303,162.43074750369303
918,1.0,-0.0,0.0,0.0,1.0,128250.0,387823.773,90.51,431.5233179281724,1.0,2552.6437393961246,330.649,298.15,32.499000000000024,32.499000000000024,2552.643739396125,130536.52848000005,252823.773,-0.0,162.430747503693,162.430747503693
919,1.0,-0.0,-0.0,0.0,1.0,128250.0,389153.187,90.51,431.5233179281724,1.0,2399.9655205753575,335.65099999999995,298.15,37.500999999999976,37.500999999999976,2552.643739396125,145900.27151999992,254153.18699999998,-0.0,162.43074750369306,162.43074750369306
920,1.0,-0.0,0.0,0.0,1.0,128250.0,391772.57,90.51,431.5233179281724,1.0,2703.6253281279323,330.649,298.15,32.499000000000024,32.499000000000024,2550.9471093071656,130536.52848000005,256772.57,-0.0,162.43074750369306,162.43074750369306
921,1.0,-0.0,0.0,0.0,1.0,128250.0,395930.531,90.51,431.5233179281724,1.0,2552.6437393961246,330.649,298.15,32.499000000000024,32.499000000000024,2552.643739396125,130536.52848000005,260930.53100000002,-0.0,162.43074750369306,162.43074750369306
922,1.0,-0.0,0.0,0.0,1.0,128250.0,393126.2019,90.51,431.5233179281724,1.0,2552.6437393961246,330.649,298.15,32.499000000000024,32.499000000000024,2552.643739396125,130536.52848000005,258126.2019,-0.0,162.43074750369297,162.43074750369297
923,1.0,-0.0,0.0,0.0,1.0,128250.0,394651.24,90.51,431.5233179281724,1.0,2552.6437393961246,330.649,298.15,32.499000000000024,32.499000000000024,2552.643739396125,130536.52848000005,259651.24,-0.0,162.430747503693,162.430747503693
924,1.0,-0.0,0.0,0.0,1.0,128250.0,395463.3216,89.97,431.5233179281724,1.0,2552.6437393961246,330.649,298.15,32.499000000000024,32.499000000000024,2552.643739396125,130536.52848000005,260463.32160000002,-0.0,162.43074750369306,162.43074750369306
925,1.0,-0.0,0.0,0.0,1.0,128250.0,394649.5753,89.97,431.5233179281724,1.0,2552.6437393961246,330.649,298.15,32.499000000000024,32.499000000000024,2552.643739396125,130536.52848000005,259649.57530000003,-0.0,162.43074750369306,162.43074750369306
926,1.0,-0.0,0.0,0.0,1.0,128250.0,396403.379,89.97,431.5233179281724,1.0,2552.643739396126,330.64899999999994,298.15,32.49899999999997,32.49899999999997,2552.643739396125,130536.52847999988,261403.37900000002,-0.0,162.430747503693,162.430747503693
927,1.0,-0.0,0.0,0.0,1.0,128250.0,393660.908,89.97,431.5233179281724,1.0,2552.6437393961173,330.649,298.15,32.499000000000024,32.499000000000024,2552.643739396125,130536.52848000005,258660.908,-0.0,162.43074750369266,162.43074750369266
928,1.0,-0.0,0.0,0.0,1.0,128250.0,388066.491,89.97,431.5233179281724,1.0,2552.643739396126,330.64899999999994,298.15,32.49899999999997,32.49899999999997,2552.643739396125,130536.52847999988,253066.49099999998,-0.0,162.430747503693,162.430747503693
929,1.0,-0.0,0.0,0.0,1.0,128250.0,378476.439,89.97,431.5233179281724,1.0,2552.643739396116,330.649,298.15,32.499000000000024,32.499000000000024,2552.643739396125,130536.52848000005,243476.439,-0.0,162.4307475036927,162.4307475036927
930,1.0,-0.0,0.0,0.0,1.0,128250.0,359527.798,90.51,431.5233179281724,1.0,2552.6437393961246,330.649,298.15,32.499000000000024,32.499000000000024,2552.643739396125,130536.52848000005,224527.798,-0.0,162.43074750369297,162.43074750369297
931,1.0,-0.0,0.0,0.0,1.0,128250.0,342831.808,90.51,431.5233179281724,1.0,2552.6437393961246,330.649,298.15,32.499000000000024,32.499000000000024,2552.643739396125,130536.52848000005,207831.80800000002,-0.0,162.430747503693,162.430747503693
932,1.0,-0.0,0.0,0.0,1.0,128250.0,350404.771,90.51,431.5233179281724,1.0,2552.6437393961246,330.649,298.15,32.499000000000024,32.499000000000024,2552.643739396125,130536.52848000005,215404.771,-0.0,162.43074750369306,162.43074750369306
933,1.0,-0.0,-0.0,0.0,1.0,128250.0,374641.107,90.51,431.5233179281724,1.0,2399.9655205753575,335.65099999999995,298.15,37.500999999999976,37.500999999999976,2552.643739396125,145900.27151999992,239641.10700000002,-0.0,162.43074750369306,162.43074750369306
934,1.0,-0.0,0.0,0.0,1.0,128250.0,381551.029,90.51,431.5233179281724,1.0,2703.6253281279273,330.649,298.15,32.499000000000024,32.499000000000024,2550.9471093071656,130536.52848000005,246551.02899999998,-0.0,162.43074750369274,162.43074750369274
935,1.0,-0.0,0.0,0.0,1.0,128250.0,386341.816,90.51,431.5233179281724,1.0,2552.6437393961246,330.649,298.15,32.499000000000024,32.499000000000024,2552.643739396125,130536.52848000005,251341.816,-0.0,162.430747503693,162.430747503693
936,1.0,-0.0,0.0,0.0,1.0,128250.0,391840.976,89.49,431.5233179281724,1.0,2552.6437393961246,330.649,298.15,32.499000000000024,32.499000000000024,2552.643739396125,130536.52848000005,256840.97600000002,-0.0,162.43074750369306,162.43074750369306
937,1.0,-0.0,0.0,0.0,1.0,128250.0,391946.627,89.49,431.5233179281724,1.0,2552.6437393961246,330.649,298.15,32.499000000000024,32.499000000000024,2552.643739396125,130536.52848000005,256946.62699999998,-0.0,162.43074750369306,162.43074750369306
938,1.0,-0.0,0.0,0.0,1.0,128250.0,395928.778,89.49,431.5233179281724,1.0,2399.9655205753575,335.65099999999995,298.15,37.500999999999976,37.500999999999976,2552.643739396125,145900.27151999992,260928.778,-0.0,162.43074750369306,162.43074750369306
939,1.0,-0.0,0.0,0.0,1.0,128250.0,397097.633,89.49,431.5233179281724,1.0,2703.6253281279323,330.649,298.15,32.499000000000024,32.499000000000024,2550.9471093071656,130536.52848000005,262097.63299999997,-0.0,162.430747503693,162.430747503693
940,1.0,-0.0,0.0,0.0,1.0,128250.0,398228.439,89.49,431.5233179281724,1.0,2552.6437393961246,330.649,298.15,32.499000000000024,32.499000000000024,2552.643739396125,130536.52848000005,263228.439,-0.0,162.43074750369306,162.43074750369306
941,1.0,-0.0,0.0,0.0,1.0,128250.0,398924.762,89.49,431.5233179281724,1.0,2552.6437393961246,330.649,298.15,32.499000000000024,32.499000000000024,2552.643739396125,130536.52848000005,263924.762,-0.0,162.43074750369303,162.43074750369303
942,1.0,-0.0,0.0,0.0,1.0,128250.0,397374.092,90.03,431.5233179281724,1.0,2552.6437393961246,330.649,298.15,32.499000000000024,32.499000000000024,2552.643739396125,130536.52848000005,262374.092,-0.0,162.430747503693,162.430747503693
943,1.0,-0.0,0.0,0.0,1.0,128250.0,395547.508,90.03,431.5233179281724,1.0,2399.9655205753575,335.65099999999995,298.15,37.500999999999976,37.500999999999976,2552.643739396125,145900.27151999992,260547.50799999997,-0.0,162.43074750369306,162.43074750369306
944,1.0,-0.0,0.0,0.0,1.0,128250.0,397107.353,90.03,431.5233179281724,1.0,2703.6253281279323,330.649,298.15,32.499000000000024,32.499000000000024,2550.9471093071656,130536.52848000005,262107.353,-0.0,162.43074750369306,162.43074750369306
945,1.0,-0.0,0.0,0.0,1.0,128250.0,395410.59,90.03,431.5233179281724,1.0,2552.6437393961246,330.649,298.15,32.499000000000024,32.499000000000024,2552.643739396125,130536.52848000005,260410.59000000003,-0.0,162.430747503693,162.430747503693
946,1.0,-0.0,0.0,0.0,1.0,128250.0,395909.625,90.03,431.5233179281724,1.0,2552.6437393961246,330.649,298.15,32.499000000000024,32.499000000000024,2552.643739396125,130536.52848000005,260909.625,-0.0,162.43074750369306,162.43074750369306
947,1.0,-0.0,0.0,0.0,1.0,128250.0,394938.893,90.03,431.5233179281724,1.0,2399.9655205753575,335.65099999999995,298.15,37.500999999999976,37.500999999999976,2552.643739396125,145900.27151999992,259938.89299999998,-0.0,162.43074750369306,162.43074750369306
948,1.0,-0.0,0.0,0.0,1.0,128250.0,393756.811,90.149997,431.5233179281724,1.0,2703.6253281279273,330.649,298.15,32.499000000000024,32.499000000000024,2550.9471093071656,130536.52848000005,258756.811,-0.0,162.43074750369266,162.43074750369266
949,1.0,-0.0,0.0,0.0,1.0,128250.0,395178.685,90.149997,431.5233179281724,1.0,2552.6437393961246,330.649,298.15,32.499000000000024,32.499000000000024,2552.643739396125,130536.52848000005,260178.685,-0.0,162.43074750369306,162.43074750369306
950,1.0,-0.0,0.0,0.0,1.0,128250.0,398021.99,90.149997,431.5233179281724,1.0,2552.6437393961246,330.649,298.15,32.499000000000024,32.499000000000024,2552.643739396125,130536.52848000005,263021.99,-0.0,162.43074750369306,162.43074750369306
951,1.0,-0.0,0.0,0.0,1.0,128250.0,399562.737,90.149997,431.5233179281724,1.0,2552.6437393961246,330.649,298.15,32.499000000000024,32.499000000000024,2552.643739396125,130536.52848000005,264562.737,-0.0,162.43074750369306,162.43074750369306
952,1.0,-0.0,0.0,0.0,1.0,128250.0,399786.547,90.149997,431.5233179281724,1.0,2552.643739396126,330.64899999999994,298.15,32.49899999999997,32.49899999999997,2552.643739396125,130536.52847999988,264786.547,-0.0,162.430747503693,162.430747503693
953,1.0,-0.0,0.0,0.0,1.0,128250.0,399779.656,90.149997,431.5233179281724,1.0,2399.9655205753506,335.65099999999995,298.15,37.500999999999976,37.500999999999976,2552.643739396125,145900.27151999992,264779.656,-0.0,162.43074750369266,162.43074750369266
954,1.0,-0.0,0.0,0.0,1.0,128250.0,399778.627,90.81,431.5233179281724,1.0,2703.625328127934,330.64899999999994,298.15,32.49899999999997,32.49899999999997,2550.9471093071656,130536.52847999988,264778.627,-0.0,162.43074750369306,162.43074750369306
955,1.0,-0.0,0.0,0.0,1.0,128250.0,399695.747,90.81,431.5233179281724,1.0,2552.6437393961173,330.649,298.15,32.499000000000024,32.499000000000024,2552.643739396125,130536.52848000005,264695.747,-0.0,162.4307475036927,162.4307475036927
956,1.0,-0.0,0.0,0.0,1.0,128250.0,399593.281,90.81,431.5233179281724,1.0,2552.6437393961246,330.649,298.15,32.499000000000024,32.499000000000024,2552.643739396125,130536.52848000005,264593.281,-0.0,162.430747503693,162.430747503693
957,1.0,-0.0,0.0,0.0,1.0,128250.0,399379.004,90.81,431.5233179281724,1.0,2552.6437393961246,330.649,298.15,32.499000000000024,32.499000000000024,2552.643739396125,130536.52848000005,264379.004,-0.0,162.43074750369306,162.43074750369306
958,1.0,-0.0,0.0,0.0,1.0,128250.0,399176.521,90.81,431.5233179281724,1.0,2552.6437393961246,330.649,298.15,32.499000000000024,32.499000000000024,2552.643739396125,130536.52848000005,264176.521,-0.0,162.43074750369306,162.43074750369306
959,1.0,-0.0,0.0,0.0,1.0,128250.0,399669.902,90.81,431.5233179281724,1.0,2399.9655205753575,335.65099999999995,298.15,37.500999999999976,37.500999999999976,2552.643739396125,145900.27151999992,264669.902,-0.0,162.430747503693,162.430747503693
960,1.0,-0.0,-0.0,0.0,1.0,128250.0,399716.657,91.98,431.5233179281724,1.0,2703.6253281279323,330.649,298.15,32.499000000000024,32.499000000000024,2550.9471093071656,130536.52848000005,264716.657,-0.0,162.43074750369306,162.43074750369306
961,1.0,-0.0,0.0,0.0,1.0,128250.0,399668.404,91.98,431.5233179281724,1.0,2552.6437393961246,330.649,298.15,32.499000000000024,32.499000000000024,2552.643739396125,130536.52848000005,264668.404,-0.0,162.43074750369306,162.43074750369306
962,1.0,-0.0,0.0,0.0,1.0,128250.0,399762.247,91.98,431.5233179281724,1.0,2552.6437393961246,330.649,298.15,32.499000000000024,32.499000000000024,2552.643739396125,130536.52848000005,264762.247,-0.0,162.43074750369306,162.43074750369306
963,1.0,-0.0,-0.0,0.0,1.0,128250.0,399785.08,91.98,431.5233179281724,1.0,2399.9655205753575,335.65099999999995,298.15,37.500999999999976,37.500999999999976,2552.643739396125,145900.27151999992,264785.08,-0.0,162.43074750369306,162.43074750369306
964,1.0,-0.0,-0.0,0.0,1.0,128250.0,399784.1,91.98,431.5233179281724,1.0,2550.947109307165,335.65099999999995,298.15,37.500999999999976,37.500999999999976,2550.9471093071656,145900.27151999992,264784.1,-0.0,162.43074750369306,162.43074750369306
965,1.0,-0.0,-0.0,0.0,1.0,128250.0,399784.28,91.98,431.5233179281724,1.0,2703.6253281279323,330.649,298.15,32.499000000000024,32.499000000000024,2550.9471093071656,130536.52848000005,264784.28,-0.0,162.43074750369306,162.43074750369306
966,1.0,-0.0,0.0,-0.0,1.0,128250.0,399783.179,92.19,431.5233179281724,1.0,2552.6437393961246,330.649,298.15,32.499000000000024,32.499000000000024,2552.643739396125,130536.52848000005,264783.179,-0.0,162.43074750369297,162.43074750369297
967,1.0,-0.0,0.0,-0.0,1.0,128250.0,399781.719,92.19,431.5233179281724,1.0,2552.6437393961246,330.649,298.15,32.499000000000024,32.499000000000024,2552.643739396125,130536.52848000005,264781.719,-0.0,162.430747503693,162.430747503693
968,1.0,-0.0,0.0,-0.0,1.0,128250.0,399774.857,92.19,431.5233179281724,1.0,2552.6437393961246,330.649,298.15,32.499000000000024,32.499000000000024,2552.643739396125,130536.52848000005,264774.857,-0.0,162.430747503693,162.430747503693
969,1.0,-0.0,0.0,-0.0,1.0,128250.0,399781.002,92.19,431.5233179281724,1.0,2552.6437393961246,330.649,298.15,32.499000000000024,32.499000000000024,2552.643739396125,130536.52848000005,264781.002,-0.0,162.430747503693,162.430747503693
970,1.0,-0.0,0.0,-0.0,1.0,128250.0,399774.599,92.19,431.5233179281724,1.0,2552.6437393961246,330.649,298.15,32.499000000000024,32.499000000000024,2552.643739396125,130536.52848000005,264774.599,-0.0,162.430747503693,162.430747503693
971,1.0,-0.0,0.0,-0.0,1.0,128250.0,399788.912,92.19,431.5233179281724,1.0,2552.6437393961246,330.649,298.15,32.499000000000024,32.499000000000024,2552.643739396125,130536.52848000005,264788.912,-0.0,162.43074750369306,162.43074750369306
972,1.0,-0.0,0.0,0.0,1.0,128250.0,399795.348,91.28999999999999,431.5233179281724,1.0,2552.6437393961246,330.649,298.15,32.499000000000024,32.499000000000024,2552.643739396125,130536.52848000005,264795.348,-0.0,162.43074750369306,162.43074750369306
973,1.0,-0.0,0.0,0.0,1.0,128250.0,399784.292,91.28999999999999,431.5233179281724,1.0,2399.9655205753575,335.65099999999995,298.15,37.500999999999976,37.500999999999976,2552.643739396125,145900.27151999992,264784.292,-0.0,162.43074750369306,162.43074750369306
974,1.0,-0.0,0.0,0.0,1.0,128250.0,399783.171,91.28999999999999,431.5233179281724,1.0,2550.947109307165,335.65099999999995,298.15,37.500999999999976,37.500999999999976,2550.9471093071656,145900.27151999992,264783.171,-0.0,162.43074750369303,162.43074750369303
975,1.0,-0.0,-0.0,0.0,1.0,128250.0,399791.962,91.28999999999999,431.5233179281724,1.0,2550.947109307165,335.65099999999995,298.15,37.500999999999976,37.500999999999976,2550.9471093071656,145900.27151999992,264791.962,-0.0,162.43074750369306,162.43074750369306
976,1.0,-0.0,-0.0,0.0,1.0,128250.0,399793.542,91.28999999999999,431.5233179281724,1.0,2550.947109307165,335.65099999999995,298.15,37.500999999999976,37.500999999999976,2550.9471093071656,145900.27151999992,264793.542,-0.0,162.43074750369306,162.43074750369306
977,1.0,-0.0,0.0,0.0,1.0,128250.0,399622.494,91.28999999999999,431.5233179281724,1.0,2703.6253281279323,330.649,298.15,32.499000000000024,32.499000000000024,2550.9471093071656,130536.52848000005,264622.494,-0.0,162.43074750369303,162.43074750369303
978,1.0,-0.0,0.0,0.0,1.0,128250.0,399774.164,89.46000000000001,431.5233179281724,1.0,2552.6437393961246,330.649,298.15,32.499000000000024,32.499000000000024,2552.643739396125,130536.52848000005,264774.164,-0.0,162.430747503693,162.430747503693
979,1.0,-0.0,0.0,0.0,1.0,128250.0,398917.417,89.46000000000001,431.5233179281724,1.0,2552.6437393961246,330.649,298.15,32.499000000000024,32.499000000000024,2552.643739396125,130536.52848000005,263917.417,-0.0,162.43074750369306,162.43074750369306
980,1.0,-0.0,0.0,0.0,1.0,128250.0,392215.259,89.46000000000001,431.5233179281724,1.0,2552.6437393961246,330.649,298.15,32.499000000000024,32.499000000000024,2552.643739396125,130536.52848000005,257215.25900000002,-0.0,162.43074750369306,162.43074750369306
981,1.0,-0.0,0.0,0.0,1.0,128250.0,391606.901,89.46000000000001,431.5233179281724,1.0,2552.6437393961246,330.649,298.15,32.499000000000024,32.499000000000024,2552.643739396125,130536.52848000005,256606.901,-0.0,162.43074750369306,162.43074750369306
982,1.0,-0.0,0.0,0.0,1.0,128250.0,399168.65,89.46000000000001,431.5233179281724,1.0,2399.9655205753575,335.65099999999995,298.15,37.500999999999976,37.500999999999976,2552.643739396125,145900.27151999992,264168.65,-0.0,162.430747503693,162.430747503693
983,1.0,-0.0,0.0,0.0,1.0,128250.0,399798.274,89.46000000000001,431.5233179281724,1.0,2703.6253281279323,330.649,298.15,32.499000000000024,32.499000000000024,2550.9471093071656,130536.52848000005,264798.274,-0.0,162.430747503693,162.430747503693
984,1.0,-0.0,0.0,0.0,1.0,128250.0,399785.713,88.169997,431.5233179281724,1.0,2552.6437393961246,330.649,298.15,32.499000000000024,32.499000000000024,2552.643739396125,130536.52848000005,264785.713,-0.0,162.43074750369306,162.43074750369306
985,1.0,-0.0,0.0,0.0,1.0,128250.0,399779.191,88.169997,431.5233179281724,1.0,2399.9655205753575,335.65099999999995,298.15,37.500999999999976,37.500999999999976,2552.643739396125,145900.27151999992,264779.191,-0.0,162.43074750369306,162.43074750369306
986,1.0,-0.0,0.0,0.0,1.0,128250.0,399775.501,88.169997,431.5233179281724,1.0,2703.6253281279323,330.649,298.15,32.499000000000024,32.499000000000024,2550.9471093071656,130536.52848000005,264775.501,-0.0,162.43074750369303,162.43074750369303
987,1.0,-0.0,0.0,0.0,1.0,128250.0,399786.086,88.169997,431.5233179281724,1.0,2399.9655205753575,335.65099999999995,298.15,37.500999999999976,37.500999999999976,2552.643739396125,145900.27151999992,264786.086,-0.0,162.43074750369306,162.43074750369306
988,1.0,-0.0,0.0,0.0,1.0,128250.0,397495.844,88.169997,431.5233179281724,1.0,2550.947109307165,335.65099999999995,298.15,37.500999999999976,37.500999999999976,2550.9471093071656,145900.27151999992,262495.844,-0.0,162.43074750369303,162.43074750369303
989,1.0,-0.0,0.0,0.0,1.0,128250.0,396171.796,88.169997,431.5233179281724,1.0,2703.6253281279323,330.649,298.15,32.499000000000024,32.499000000000024,2550.9471093071656,130536.52848000005,261171.79599999997,-0.0,162.43074750369306,162.43074750369306
990,1.0,-0.0,0.0,0.0,1.0,128250.0,398464.609,85.77,431.5233179281724,1.0,2552.6437393961246,330.649,298.15,32.499000000000024,32.499000000000024,2552.643739396125,130536.52848000005,263464.609,-0.0,162.430747503693,162.430747503693
991,1.0,-0.0,0.0,0.0,1.0,128250.0,396177.154,85.77,431.5233179281724,1.0,2399.9655205753575,335.65099999999995,298.15,37.500999999999976,37.500999999999976,2552.643739396125,145900.27151999992,261177.15399999998,-0.0,162.43074750369306,162.43074750369306
992,1.0,-0.0,-0.0,0.0,1.0,128250.0,396192.292,85.77,431.5233179281724,1.0,2703.6253281279323,330.649,298.15,32.499000000000024,32.499000000000024,2550.9471093071656,130536.52848000005,261192.29200000002,-0.0,162.43074750369303,162.43074750369303
993,1.0,-0.0,-0.0,0.0,1.0,128250.0,396184.994,85.77,431.5233179281724,1.0,2399.9655205753575,335.65099999999995,298.15,37.500999999999976,37.500999999999976,2552.643739396125,145900.27151999992,261184.994,-0.0,162.43074750369306,162.43074750369306
994,1.0,-0.0,-0.0,0.0,1.0,128250.0,396188.647,85.77,431.5233179281724,1.0,2703.6253281279323,330.649,298.15,32.499000000000024,32.499000000000024,2550.9471093071656,130536.52848000005,261188.647,-0.0,162.43074750369306,162.43074750369306
995,1.0,-0.0,0.0,0.0,1.0,128250.0,396187.338,85.77,431.5233179281724,1.0,2552.582692527346,330.65099999999995,298.15,32.500999999999976,32.500999999999976,2552.643739396125,130542.67151999992,261187.338,-0.0,162.43074750369306,162.43074750369306
996,1.0,-0.0,0.0,-0.0,1.0,128250.0,396176.198,84.419997,426.81197613250845,1.0,2673.541783736695,330.65099999999995,298.15,32.500999999999976,32.500999999999976,2673.541783736695,130542.67151999992,261176.19799999997,-0.0,132.83318607052485,132.83318607052485
997,1.0,-0.0,0.0,0.0,1.0,128250.0,396183.977,84.419997,426.81197613250845,1.0,2673.541783736694,330.65099999999995,298.15,32.500999999999976,32.500999999999976,2673.541783736695,130542.67151999992,261183.977,-0.0,132.83318607052485,132.83318607052485
998,1.0,-0.0,-0.0,0.0,1.0,128250.0,396181.803,84.419997,426.81197613250845,1.0,2673.541783736694,330.65099999999995,298.15,32.500999999999976,32.500999999999976,2673.541783736695,130542.67151999992,261181.803,-0.0,132.83318607052485,132.83318607052485
999,1.0,-0.0,-0.0,0.0,1.0,128250.0,395967.953,84.419997,426.81197613250845,1.0,2826.220002557461,325.649,298.15,27.499000000000024,27.499000000000024,2673.541783736695,115178.92848000006,260967.95299999998,-0.0,132.83318607052485,132.83318607052485
1000,1.0,-0.0,0.0,-0.0,1.0,128250.0,389750.013,84.419997,426.81197613250845,1.0,2522.560195004887,330.65099999999995,298.15,32.500999999999976,32.500999999999976,2675.2384138256543,130542.67151999992,254750.01299999998,-0.0,132.83318607052485,132.83318607052485
1001,1.0,-0.0,0.0,-0.0,1.0,128250.0,380390.478,84.419997,426.81197613250845,1.0,2673.541783736694,330.65099999999995,298.15,32.500999999999976,32.500999999999976,2673.541783736695,130542.67151999992,245390.478,-0.0,132.83318607052485,132.83318607052485
1002,1.0,-0.0,-0.0,-0.0,1.0,128250.0,388203.775,60.179997,426.81197613250845,1.0,2673.541783736694,330.65099999999995,298.15,32.500999999999976,32.500999999999976,2673.541783736695,130542.67151999992,253203.77500000002,-0.0,132.83318607052482,132.83318607052482
1003,1.0,-0.0,-0.0,0.0,1.0,128250.0,396051.99,60.179997,426.81197613250845,1.0,2673.541783736695,330.65099999999995,298.15,32.500999999999976,32.500999999999976,2673.541783736695,130542.67151999992,261051.99,-0.0,132.83318607052485,132.83318607052485
1004,1.0,-0.0,-0.0,0.0,1.0,128250.0,396176.056,60.179997,426.81197613250845,1.0,2673.541783736695,330.65099999999995,298.15,32.500999999999976,32.500999999999976,2673.541783736695,130542.67151999992,261176.05599999998,-0.0,132.83318607052485,132.83318607052485
1005,1.0,-0.0,-0.0,0.0,1.0,128250.0,396193.682,60.179997,426.81197613250845,1.0,2673.541783736695,330.65099999999995,298.15,32.500999999999976,32.500999999999976,2673.541783736695,130542.67151999992,261193.68199999997,-0.0,132.83318607052485,132.83318607052485
1006,1.0,-0.0,-0.0,0.0,1.0,128250.0,392015.901,60.179997,426.81197613250845,1.0,2826.220002557462,325.649,298.15,27.499000000000024,27.499000000000024,2673.541783736695,115178.92848000006,257015.901,-0.0,132.83318607052485,132.83318607052485
1007,1.0,-0.0,-0.0,-0.0,1.0,128250.0,381598.721,60.179997,426.81197613250845,1.0,1835.8134446553331,353.15,298.15,55.0,55.0,2675.2384138256543,199648.8,246598.72100000002,-0.0,132.83318607052482,132.83318607052482
